cluster,APS 7-12,APS 13-15,APS 16-18,APS 19-23,Tingkat Pengangguran Terbuka (persen),Angkatan Kerja Terhadap Penduduk Usia Kerja (TPAK) (persen),Garis Kemiskinan (Rupiah/Kapita/Bulan),Penduduk Miskin (persen),Indeks Pembangunan Manusia (IPM),Rata-rata Lama Sekolah (Tahun),Harapan Lama Sekolah (Tahun),Indeks Ketahanan Pangan,Luas Panen Tanaman Padi (ha) (Ha),Produktivitas Tanaman Padi (ku/ha) (Ku/ha),Rekap Produksi Padi (ton) (Ton),Produk Domestik Regional Bruto per Kapita (ribu rupiah),Rata-rata Pengeluaran per Kapita Sebulan Makanan (rupiah),Persentase Rumah Tangga yang Memiliki Akses terhadap Sumber Air Minum Layak (persen),Persentase Rumah Tangga menurut Provinsi dan Sumber Penerangan Utama dari Listrik
-1,0.3128968411764103,0.3888176477648946,0.44528366786446455,0.5190412325769898,-0.9406584046079547,0.7640204962027333,0.02937400800795382,0.6509886984104405,-0.1436138119908504,-0.11382789414931477,0.4275160624860988,-0.19483864958105016,-0.38602768757517214,0.09304707887605375,-0.3914498366978475,-0.6928086046507133,-0.7667387292474639,-0.6925673729306875,0.2293335987307161
0,0.3587888975165425,0.40802563449504836,-0.3133652204135943,-0.4576579115863773,0.7286581380673843,0.10018177859476365,-0.8663932024066519,-0.303969799666056,0.3291377247707211,-0.40705128179220545,-0.14985510738389218,0.7073934035799276,3.065986768119104,1.4451514826480372,3.1249464279086454,-0.38711797910654333,-0.44538046955194066,0.7383359591140126,0.3948105484414521
1,-2.994193224717398,-2.7424033250629454,-1.8434765079797888,-0.8773560637257235,-1.0173646111639816,1.8112151087477792,0.8628284445298084,2.248448432761854,-1.9956129001938108,-1.8183869077501653,-2.2499747382529938,-2.333343272679538,-0.5552378261332094,-0.36121178461712433,-0.5263977710522736,-0.27363819471118,1.3274209198762528,-2.005686171915774,-2.8710282376839724
2,0.3572938355197574,0.5637000839566341,0.7012976178458579,-0.021573754243800973,0.7188193372264691,-0.855085432812718,0.9963961153420092,-0.8468263968678046,0.9732814041985349,1.1979355284289344,0.25099662613623547,0.2860344985382033,-0.5573947730656652,-0.9055698403120312,-0.5308257287252512,2.2045451217373513,0.9892242486002761,0.5045968641570976,0.3561637871142357
3,0.3652769024082728,0.06766729019250807,-0.4050650538899575,-0.5086709466530387,-0.12950393527913873,-0.21551608767644134,-0.721628847975841,-0.15011118766341286,0.08040998655203775,-0.21991952642566798,-0.18725852618066532,0.5895157304743472,0.9071930463256354,0.8830546369356411,0.8309235387935555,-0.27251941195955937,-0.7684811215536658,0.08896723410056155,0.35841323482285264
4,0.38001595699926366,0.6029178861464856,1.137480371852787,1.0494487816046114,-0.05910184926192093,0.3671706163268815,-0.2626705275108204,-0.3083413539587503,0.6089564302667426,0.4860501119651943,1.1098638086960888,0.629632858273966,-0.05789304890864226,0.9318660725542364,-0.05645143821279033,-0.48384808739244295,-0.1567099854603384,0.5895082737784607,0.37051963742131405
5,0.34912741197125535,0.29475236695554513,-0.4315437292098802,-0.7237855727437968,1.5069072845838047,-1.2549984373694647,-0.5701000782852769,-0.7097706326292645,0.4765649753439902,0.6463194056742779,-0.13538774728325487,0.5460644714098825,-0.19312445081466736,0.28639011077209675,-0.1918917541936943,-0.243565151106778,0.16679969105468587,0.6542208392936184,0.37575272757677836
6,0.2003969520076088,-0.2900141449461041,-0.18543141018364956,0.11713242718319085,-1.0147773709428518,0.04149333933059886,-0.985276361839698,0.11328752040904147,-0.24792464431629568,-0.11292241791367072,0.1223782662171438,0.3292383865733416,-0.3819615985717552,0.17484237440852132,-0.3828876338891191,-0.2591470722128566,-1.1243485210930373,0.27927769269420516,0.3188721618198164
7,0.32826706580849857,-0.03214243524642201,-0.6497837584256672,-0.6856707198388766,-0.18858046832836967,-0.25527532723192103,0.2609975111048002,-0.8678701547733262,0.05530785313550379,-0.31420978509745146,-0.4082915595231025,0.4183242229176404,-0.31362053789877953,-0.9464387879745694,-0.377822772110842,-0.2082050865219972,0.2405040213187891,-0.5484234978504668,0.3074257534275311
8,0.1871917463991761,0.4414002594132552,0.5420237404148862,0.7178278228225473,0.4414198135173227,-0.35500013301935884,0.4127595780807684,0.7533684900353211,-0.535993924120544,0.09028154063555852,0.48662052143382795,-1.01825479733812,-0.5596893385299908,-0.7159238069587027,-0.5310360433751641,-0.30883117063696414,-0.19894485541922363,0.021499898411285294,0.029382691298073915
