cluster,count,mean,median,std,min,max
0,15,77.7,77.79,4.815618933666337,70.78,84.8
4,30,76.736,76.255,4.956942606082904,67.9,87.65
3,15,76.23866666666666,76.3,4.544789585993214,69.55,83.36
5,10,75.7,75.675,2.345908968585283,72.49,78.71
7,25,74.1164,73.22,3.9702265678421935,68.9,81.98
6,20,73.012,74.5,5.070979973805535,65.7,81.63
2,25,72.4764,71.96,5.191139791349603,63.26,83.8
-1,8,66.515,68.94,6.064072182005371,56.27,72.27
8,24,56.30708333333334,57.375,6.563060314244094,45.92,68.42
1,18,40.00388888888889,37.8,5.788359656788774,31.96,53.96
