Provinsi,Tahun,Indeks Ketahanan Pangan,Prevalence of Undernourishment (Percent),cluster,cluster_name
ACEH,2021,71.63,69.0,4,Ketahanan Tinggi Berbasis Pendidikan dan Produktivitas
ACEH,2022,70.16,1098.0,4,Ketahanan Tinggi Berbasis Pendidikan dan Produktivitas
ACEH,2023,72.96,944.0,4,Ketahanan Tinggi Berbasis Pendidikan dan Produktivitas
ACEH,2024,67.9,91.0,4,Ketahanan Tinggi Berbasis Pendidikan dan Produktivitas
ACEH,2025,70.0,86.0,4,Ketahanan Tinggi Berbasis Pendidikan dan Produktivitas
BALI,2021,83.82,743.0,4,Ketahanan Tinggi Berbasis Pendidikan dan Produktivitas
BALI,2022,85.19,772.0,4,Ketahanan Tinggi Berbasis Pendidikan dan Produktivitas
BALI,2023,87.65,377.0,4,Ketahanan Tinggi Berbasis Pendidikan dan Produktivitas
BALI,2024,77.02,32.0,4,Ketahanan Tinggi Berbasis Pendidikan dan Produktivitas
BALI,2025,79.89,336.0,4,Ketahanan Tinggi Berbasis Pendidikan dan Produktivitas
BANTEN,2021,74.38,28.0,5,Ketahanan Tinggi dengan Tekanan Ketenagakerjaan
BANTEN,2022,73.78,246.0,5,Ketahanan Tinggi dengan Tekanan Ketenagakerjaan
BANTEN,2023,78.71,287.0,5,Ketahanan Tinggi dengan Tekanan Ketenagakerjaan
BANTEN,2024,76.97,255.0,5,Ketahanan Tinggi dengan Tekanan Ketenagakerjaan
BANTEN,2025,77.78,288.0,5,Ketahanan Tinggi dengan Tekanan Ketenagakerjaan
BENGKULU,2021,70.32,864.0,-1,Outlier dan Tipologi Heterogen
BENGKULU,2022,67.99,1166.0,-1,Outlier dan Tipologi Heterogen
BENGKULU,2023,72.27,925.0,-1,Outlier dan Tipologi Heterogen
BENGKULU,2024,65.89,986.0,-1,Outlier dan Tipologi Heterogen
BENGKULU,2025,69.89,95.0,-1,Outlier dan Tipologi Heterogen
DI YOGYAKARTA,2021,81.43,1018.0,4,Ketahanan Tinggi Berbasis Pendidikan dan Produktivitas
DI YOGYAKARTA,2022,80.88,1348.0,4,Ketahanan Tinggi Berbasis Pendidikan dan Produktivitas
DI YOGYAKARTA,2023,83.17,1008.0,4,Ketahanan Tinggi Berbasis Pendidikan dan Produktivitas
DI YOGYAKARTA,2024,75.69,905.0,4,Ketahanan Tinggi Berbasis Pendidikan dan Produktivitas
DI YOGYAKARTA,2025,77.44,841.0,4,Ketahanan Tinggi Berbasis Pendidikan dan Produktivitas
DKI JAKARTA,2021,78.01,22.0,2,Ketahanan Tinggi Berbasis Kapasitas Ekonomi
DKI JAKARTA,2022,78.25,342.0,2,Ketahanan Tinggi Berbasis Kapasitas Ekonomi
DKI JAKARTA,2023,83.8,257.0,2,Ketahanan Tinggi Berbasis Kapasitas Ekonomi
DKI JAKARTA,2024,71.23,353.0,2,Ketahanan Tinggi Berbasis Kapasitas Ekonomi
DKI JAKARTA,2025,71.52,322.0,2,Ketahanan Tinggi Berbasis Kapasitas Ekonomi
GORONTALO,2021,80.52,1484.0,6,Ketahanan Menengah dengan Kapasitas Dasar Relatif Stabil
GORONTALO,2022,80.35,1863.0,6,Ketahanan Menengah dengan Kapasitas Dasar Relatif Stabil
GORONTALO,2023,81.63,151.0,6,Ketahanan Menengah dengan Kapasitas Dasar Relatif Stabil
GORONTALO,2024,67.95,1599.0,6,Ketahanan Menengah dengan Kapasitas Dasar Relatif Stabil
GORONTALO,2025,69.75,1532.0,6,Ketahanan Menengah dengan Kapasitas Dasar Relatif Stabil
JAMBI,2021,74.18,925.0,7,Ketahanan Relatif Tinggi dengan Kesenjangan Akses Dasar
JAMBI,2022,69.5,1214.0,7,Ketahanan Relatif Tinggi dengan Kesenjangan Akses Dasar
JAMBI,2023,72.17,1283.0,7,Ketahanan Relatif Tinggi dengan Kesenjangan Akses Dasar
JAMBI,2024,74.25,1058.0,7,Ketahanan Relatif Tinggi dengan Kesenjangan Akses Dasar
JAMBI,2025,76.16,1022.0,7,Ketahanan Relatif Tinggi dengan Kesenjangan Akses Dasar
JAWA BARAT,2021,77.79,444.0,0,Ketahanan Tinggi Berbasis Produksi Pangan
JAWA BARAT,2022,77.55,675.0,0,Ketahanan Tinggi Berbasis Produksi Pangan
JAWA BARAT,2023,82.19,55.0,0,Ketahanan Tinggi Berbasis Produksi Pangan
JAWA BARAT,2024,72.31,599.0,0,Ketahanan Tinggi Berbasis Produksi Pangan
JAWA BARAT,2025,74.95,523.0,0,Ketahanan Tinggi Berbasis Produksi Pangan
JAWA TENGAH,2021,82.73,1234.0,0,Ketahanan Tinggi Berbasis Produksi Pangan
JAWA TENGAH,2022,82.95,1234.0,0,Ketahanan Tinggi Berbasis Produksi Pangan
JAWA TENGAH,2023,84.8,1044.0,0,Ketahanan Tinggi Berbasis Produksi Pangan
JAWA TENGAH,2024,70.78,863.0,0,Ketahanan Tinggi Berbasis Produksi Pangan
JAWA TENGAH,2025,73.73,861.0,0,Ketahanan Tinggi Berbasis Produksi Pangan
JAWA TIMUR,2021,79.7,914.0,0,Ketahanan Tinggi Berbasis Produksi Pangan
JAWA TIMUR,2022,79.85,1027.0,0,Ketahanan Tinggi Berbasis Produksi Pangan
JAWA TIMUR,2023,82.46,809.0,0,Ketahanan Tinggi Berbasis Produksi Pangan
JAWA TIMUR,2024,71.04,84.0,0,Ketahanan Tinggi Berbasis Produksi Pangan
JAWA TIMUR,2025,72.67,805.0,0,Ketahanan Tinggi Berbasis Produksi Pangan
KALIMANTAN BARAT,2021,71.32,196.0,7,Ketahanan Relatif Tinggi dengan Kesenjangan Akses Dasar
KALIMANTAN BARAT,2022,70.81,1922.0,7,Ketahanan Relatif Tinggi dengan Kesenjangan Akses Dasar
KALIMANTAN BARAT,2023,72.2,1503.0,7,Ketahanan Relatif Tinggi dengan Kesenjangan Akses Dasar
KALIMANTAN BARAT,2024,69.26,1356.0,7,Ketahanan Relatif Tinggi dengan Kesenjangan Akses Dasar
KALIMANTAN BARAT,2025,71.52,1375.0,7,Ketahanan Relatif Tinggi dengan Kesenjangan Akses Dasar
KALIMANTAN SELATAN,2021,80.29,278.0,7,Ketahanan Relatif Tinggi dengan Kesenjangan Akses Dasar
KALIMANTAN SELATAN,2022,81.05,447.0,7,Ketahanan Relatif Tinggi dengan Kesenjangan Akses Dasar
KALIMANTAN SELATAN,2023,81.26,448.0,7,Ketahanan Relatif Tinggi dengan Kesenjangan Akses Dasar
KALIMANTAN SELATAN,2024,77.62,383.0,7,Ketahanan Relatif Tinggi dengan Kesenjangan Akses Dasar
KALIMANTAN SELATAN,2025,81.98,402.0,7,Ketahanan Relatif Tinggi dengan Kesenjangan Akses Dasar
KALIMANTAN TENGAH,2021,73.68,888.0,7,Ketahanan Relatif Tinggi dengan Kesenjangan Akses Dasar
KALIMANTAN TENGAH,2022,69.96,1283.0,7,Ketahanan Relatif Tinggi dengan Kesenjangan Akses Dasar
KALIMANTAN TENGAH,2023,68.9,937.0,7,Ketahanan Relatif Tinggi dengan Kesenjangan Akses Dasar
KALIMANTAN TENGAH,2024,72.5,85.0,7,Ketahanan Relatif Tinggi dengan Kesenjangan Akses Dasar
KALIMANTAN TENGAH,2025,73.62,82.0,7,Ketahanan Relatif Tinggi dengan Kesenjangan Akses Dasar
KALIMANTAN TIMUR,2021,77.46,1256.0,2,Ketahanan Tinggi Berbasis Kapasitas Ekonomi
KALIMANTAN TIMUR,2022,77.65,1619.0,2,Ketahanan Tinggi Berbasis Kapasitas Ekonomi
KALIMANTAN TIMUR,2023,72.29,92.0,2,Ketahanan Tinggi Berbasis Kapasitas Ekonomi
KALIMANTAN TIMUR,2024,77.57,74.0,2,Ketahanan Tinggi Berbasis Kapasitas Ekonomi
KALIMANTAN TIMUR,2025,80.82,862.0,2,Ketahanan Tinggi Berbasis Kapasitas Ekonomi
KALIMANTAN UTARA,2021,73.02,1275.0,2,Ketahanan Tinggi Berbasis Kapasitas Ekonomi
KALIMANTAN UTARA,2022,71.04,2301.0,2,Ketahanan Tinggi Berbasis Kapasitas Ekonomi
KALIMANTAN UTARA,2023,74.59,1592.0,2,Ketahanan Tinggi Berbasis Kapasitas Ekonomi
KALIMANTAN UTARA,2024,71.57,1461.0,2,Ketahanan Tinggi Berbasis Kapasitas Ekonomi
KALIMANTAN UTARA,2025,72.56,1448.0,2,Ketahanan Tinggi Berbasis Kapasitas Ekonomi
KEP. BANGKA BELITUNG,2021,73.22,1105.0,7,Ketahanan Relatif Tinggi dengan Kesenjangan Akses Dasar
KEP. BANGKA BELITUNG,2022,71.71,1519.0,7,Ketahanan Relatif Tinggi dengan Kesenjangan Akses Dasar
KEP. BANGKA BELITUNG,2023,71.14,1335.0,7,Ketahanan Relatif Tinggi dengan Kesenjangan Akses Dasar
KEP. BANGKA BELITUNG,2024,76.41,1066.0,7,Ketahanan Relatif Tinggi dengan Kesenjangan Akses Dasar
KEP. BANGKA BELITUNG,2025,78.2,10.0,7,Ketahanan Relatif Tinggi dengan Kesenjangan Akses Dasar
KEP. RIAU,2021,63.26,771.0,2,Ketahanan Tinggi Berbasis Kapasitas Ekonomi
KEP. RIAU,2022,63.83,113.0,2,Ketahanan Tinggi Berbasis Kapasitas Ekonomi
KEP. RIAU,2023,65.1,983.0,2,Ketahanan Tinggi Berbasis Kapasitas Ekonomi
KEP. RIAU,2024,73.21,955.0,2,Ketahanan Tinggi Berbasis Kapasitas Ekonomi
KEP. RIAU,2025,71.96,909.0,2,Ketahanan Tinggi Berbasis Kapasitas Ekonomi
LAMPUNG,2021,77.96,1025.0,3,Ketahanan Tinggi Berbasis Produksi dan Akses
LAMPUNG,2022,78.61,1463.0,3,Ketahanan Tinggi Berbasis Produksi dan Akses
LAMPUNG,2023,81.56,881.0,3,Ketahanan Tinggi Berbasis Produksi dan Akses
LAMPUNG,2024,71.91,1068.0,3,Ketahanan Tinggi Berbasis Produksi dan Akses
LAMPUNG,2025,73.06,1062.0,3,Ketahanan Tinggi Berbasis Produksi dan Akses
MALUKU,2021,58.7,2962.0,8,Kerentanan Pangan dan Keterbatasan Akses
MALUKU,2022,60.2,3168.0,8,Kerentanan Pangan dan Keterbatasan Akses
MALUKU,2023,64.37,3027.0,8,Kerentanan Pangan dan Keterbatasan Akses
MALUKU,2024,57.36,3166.0,8,Kerentanan Pangan dan Keterbatasan Akses
MALUKU,2025,57.18,3054.0,8,Kerentanan Pangan dan Keterbatasan Akses
MALUKU UTARA,2021,59.58,2886.0,8,Kerentanan Pangan dan Keterbatasan Akses
MALUKU UTARA,2022,58.39,3071.0,8,Kerentanan Pangan dan Keterbatasan Akses
MALUKU UTARA,2023,62.34,2956.0,8,Kerentanan Pangan dan Keterbatasan Akses
MALUKU UTARA,2024,57.3,2844.0,8,Kerentanan Pangan dan Keterbatasan Akses
MALUKU UTARA,2025,58.27,2783.0,8,Kerentanan Pangan dan Keterbatasan Akses
NUSA TENGGARA BARAT,2021,75.67,178.0,4,Ketahanan Tinggi Berbasis Pendidikan dan Produktivitas
NUSA TENGGARA BARAT,2022,76.58,224.0,4,Ketahanan Tinggi Berbasis Pendidikan dan Produktivitas
NUSA TENGGARA BARAT,2023,76.51,217.0,4,Ketahanan Tinggi Berbasis Pendidikan dan Produktivitas
NUSA TENGGARA BARAT,2024,75.49,274.0,4,Ketahanan Tinggi Berbasis Pendidikan dan Produktivitas
NUSA TENGGARA BARAT,2025,74.7,267.0,4,Ketahanan Tinggi Berbasis Pendidikan dan Produktivitas
NUSA TENGGARA TIMUR,2021,67.35,1184.0,8,Kerentanan Pangan dan Keterbatasan Akses
NUSA TENGGARA TIMUR,2022,68.42,1374.0,8,Kerentanan Pangan dan Keterbatasan Akses
NUSA TENGGARA TIMUR,2023,71.25,1498.0,-1,Outlier dan Tipologi Heterogen
NUSA TENGGARA TIMUR,2024,56.27,1249.0,-1,Outlier dan Tipologi Heterogen
NUSA TENGGARA TIMUR,2025,58.24,1212.0,-1,Outlier dan Tipologi Heterogen
PAPUA,2021,35.48,3737.0,1,Kerawanan Tinggi dan Deprivasi Multidimensi
PAPUA,2022,37.8,3618.0,1,Kerawanan Tinggi dan Deprivasi Multidimensi
PAPUA,2023,42.27,3563.0,1,Kerawanan Tinggi dan Deprivasi Multidimensi
PAPUA,2024,57.39,2603.0,8,Kerentanan Pangan dan Keterbatasan Akses
PAPUA,2025,57.45,2611.0,8,Kerentanan Pangan dan Keterbatasan Akses
PAPUA BARAT,2021,46.05,2459.0,8,Kerentanan Pangan dan Keterbatasan Akses
PAPUA BARAT,2022,45.92,2938.0,8,Kerentanan Pangan dan Keterbatasan Akses
PAPUA BARAT,2023,47.95,24.0,8,Kerentanan Pangan dan Keterbatasan Akses
PAPUA BARAT,2024,56.95,2191.0,8,Kerentanan Pangan dan Keterbatasan Akses
PAPUA BARAT,2025,58.61,2042.0,8,Kerentanan Pangan dan Keterbatasan Akses
PAPUA BARAT DAYA,2021,46.05,2053.0,8,Kerentanan Pangan dan Keterbatasan Akses
PAPUA BARAT DAYA,2022,45.92,2053.0,8,Kerentanan Pangan dan Keterbatasan Akses
PAPUA BARAT DAYA,2023,47.95,2053.0,8,Kerentanan Pangan dan Keterbatasan Akses
PAPUA BARAT DAYA,2024,54.52,2053.0,8,Kerentanan Pangan dan Keterbatasan Akses
PAPUA BARAT DAYA,2025,57.15,2158.0,8,Kerentanan Pangan dan Keterbatasan Akses
PAPUA PEGUNUNGAN,2021,35.48,2726.0,1,Kerawanan Tinggi dan Deprivasi Multidimensi
PAPUA PEGUNUNGAN,2022,37.8,2726.0,1,Kerawanan Tinggi dan Deprivasi Multidimensi
PAPUA PEGUNUNGAN,2023,42.27,2726.0,1,Kerawanan Tinggi dan Deprivasi Multidimensi
PAPUA PEGUNUNGAN,2024,34.56,2726.0,1,Kerawanan Tinggi dan Deprivasi Multidimensi
PAPUA PEGUNUNGAN,2025,31.96,2872.0,1,Kerawanan Tinggi dan Deprivasi Multidimensi
PAPUA SELATAN,2021,35.48,2926.0,1,Kerawanan Tinggi dan Deprivasi Multidimensi
PAPUA SELATAN,2022,37.8,2926.0,1,Kerawanan Tinggi dan Deprivasi Multidimensi
PAPUA SELATAN,2023,42.27,2926.0,1,Kerawanan Tinggi dan Deprivasi Multidimensi
PAPUA SELATAN,2024,51.87,2926.0,1,Kerawanan Tinggi dan Deprivasi Multidimensi
PAPUA SELATAN,2025,53.96,2751.0,1,Kerawanan Tinggi dan Deprivasi Multidimensi
PAPUA TENGAH,2021,35.48,3769.0,1,Kerawanan Tinggi dan Deprivasi Multidimensi
PAPUA TENGAH,2022,37.8,3769.0,1,Kerawanan Tinggi dan Deprivasi Multidimensi
PAPUA TENGAH,2023,42.27,3769.0,1,Kerawanan Tinggi dan Deprivasi Multidimensi
PAPUA TENGAH,2024,43.91,3769.0,1,Kerawanan Tinggi dan Deprivasi Multidimensi
PAPUA TENGAH,2025,41.61,323.0,1,Kerawanan Tinggi dan Deprivasi Multidimensi
RIAU,2021,66.84,1061.0,2,Ketahanan Tinggi Berbasis Kapasitas Ekonomi
RIAU,2022,67.59,1512.0,2,Ketahanan Tinggi Berbasis Kapasitas Ekonomi
RIAU,2023,68.68,1233.0,2,Ketahanan Tinggi Berbasis Kapasitas Ekonomi
RIAU,2024,69.64,1093.0,2,Ketahanan Tinggi Berbasis Kapasitas Ekonomi
RIAU,2025,70.42,109.0,2,Ketahanan Tinggi Berbasis Kapasitas Ekonomi
SULAWESI BARAT,2021,75.49,1081.0,6,Ketahanan Menengah dengan Kapasitas Dasar Relatif Stabil
SULAWESI BARAT,2022,74.04,982.0,6,Ketahanan Menengah dengan Kapasitas Dasar Relatif Stabil
SULAWESI BARAT,2023,73.03,829.0,6,Ketahanan Menengah dengan Kapasitas Dasar Relatif Stabil
SULAWESI BARAT,2024,65.7,653.0,6,Ketahanan Menengah dengan Kapasitas Dasar Relatif Stabil
SULAWESI BARAT,2025,67.08,713.0,6,Ketahanan Menengah dengan Kapasitas Dasar Relatif Stabil
SULAWESI SELATAN,2021,80.82,793.0,3,Ketahanan Tinggi Berbasis Produksi dan Akses
SULAWESI SELATAN,2022,81.38,1079.0,3,Ketahanan Tinggi Berbasis Produksi dan Akses
SULAWESI SELATAN,2023,83.36,784.0,3,Ketahanan Tinggi Berbasis Produksi dan Akses
SULAWESI SELATAN,2024,72.0,699.0,3,Ketahanan Tinggi Berbasis Produksi dan Akses
SULAWESI SELATAN,2025,74.3,687.0,3,Ketahanan Tinggi Berbasis Produksi dan Akses
SULAWESI TENGAH,2021,75.73,1063.0,6,Ketahanan Menengah dengan Kapasitas Dasar Relatif Stabil
SULAWESI TENGAH,2022,75.92,1192.0,6,Ketahanan Menengah dengan Kapasitas Dasar Relatif Stabil
SULAWESI TENGAH,2023,75.83,1009.0,6,Ketahanan Menengah dengan Kapasitas Dasar Relatif Stabil
SULAWESI TENGAH,2024,66.92,1051.0,6,Ketahanan Menengah dengan Kapasitas Dasar Relatif Stabil
SULAWESI TENGAH,2025,70.4,1081.0,6,Ketahanan Menengah dengan Kapasitas Dasar Relatif Stabil
SULAWESI TENGGARA,2021,76.64,1117.0,6,Ketahanan Menengah dengan Kapasitas Dasar Relatif Stabil
SULAWESI TENGGARA,2022,75.04,1714.0,6,Ketahanan Menengah dengan Kapasitas Dasar Relatif Stabil
SULAWESI TENGGARA,2023,74.96,1049.0,6,Ketahanan Menengah dengan Kapasitas Dasar Relatif Stabil
SULAWESI TENGGARA,2024,65.7,1025.0,6,Ketahanan Menengah dengan Kapasitas Dasar Relatif Stabil
SULAWESI TENGGARA,2025,67.56,955.0,6,Ketahanan Menengah dengan Kapasitas Dasar Relatif Stabil
SULAWESI UTARA,2021,78.3,691.0,5,Ketahanan Tinggi dengan Tekanan Ketenagakerjaan
SULAWESI UTARA,2022,74.3,622.0,5,Ketahanan Tinggi dengan Tekanan Ketenagakerjaan
SULAWESI UTARA,2023,77.32,626.0,5,Ketahanan Tinggi dengan Tekanan Ketenagakerjaan
SULAWESI UTARA,2024,72.97,616.0,5,Ketahanan Tinggi dengan Tekanan Ketenagakerjaan
SULAWESI UTARA,2025,72.49,563.0,5,Ketahanan Tinggi dengan Tekanan Ketenagakerjaan
SUMATERA BARAT,2021,79.55,602.0,4,Ketahanan Tinggi Berbasis Pendidikan dan Produktivitas
SUMATERA BARAT,2022,79.45,731.0,4,Ketahanan Tinggi Berbasis Pendidikan dan Produktivitas
SUMATERA BARAT,2023,83.22,763.0,4,Ketahanan Tinggi Berbasis Pendidikan dan Produktivitas
SUMATERA BARAT,2024,76.0,888.0,4,Ketahanan Tinggi Berbasis Pendidikan dan Produktivitas
SUMATERA BARAT,2025,77.72,767.0,4,Ketahanan Tinggi Berbasis Pendidikan dan Produktivitas
SUMATERA SELATAN,2021,69.55,682.0,3,Ketahanan Tinggi Berbasis Produksi dan Akses
SUMATERA SELATAN,2022,69.64,737.0,3,Ketahanan Tinggi Berbasis Produksi dan Akses
SUMATERA SELATAN,2023,73.82,653.0,3,Ketahanan Tinggi Berbasis Produksi dan Akses
SUMATERA SELATAN,2024,76.3,597.0,3,Ketahanan Tinggi Berbasis Produksi dan Akses
SUMATERA SELATAN,2025,79.31,594.0,3,Ketahanan Tinggi Berbasis Produksi dan Akses
SUMATERA UTARA,2021,72.25,633.0,4,Ketahanan Tinggi Berbasis Pendidikan dan Produktivitas
SUMATERA UTARA,2022,71.22,87.0,4,Ketahanan Tinggi Berbasis Pendidikan dan Produktivitas
SUMATERA UTARA,2023,75.97,86.0,4,Ketahanan Tinggi Berbasis Pendidikan dan Produktivitas
SUMATERA UTARA,2024,71.45,754.0,4,Ketahanan Tinggi Berbasis Pendidikan dan Produktivitas
SUMATERA UTARA,2025,71.47,72.0,4,Ketahanan Tinggi Berbasis Pendidikan dan Produktivitas
