embedding,algorithm,dimension,param,silhouette,calinski,davies,noise,n_clusters,sil_norm,ch_norm,db_norm,noise_penalty,composite_score
UMAP_3,HDBSCAN,3,5_8,0.7578227519989014,4767.089258036807,0.33804150925741344,0.04210526315789476,9,0.9051724137931034,0.9655172413793104,0.8103448275862069,0.04210526315789476,0.8911479128856624
UMAP_3,HDBSCAN,3,8_8,0.7578227519989014,4767.089258036807,0.33804150925741344,0.04210526315789476,9,0.9051724137931034,0.9655172413793104,0.8103448275862069,0.04210526315789476,0.8911479128856624
UMAP_3,HDBSCAN,3,10_8,0.7578227519989014,4767.089258036807,0.33804150925741344,0.04210526315789476,9,0.9051724137931034,0.9655172413793104,0.8103448275862069,0.04210526315789476,0.8911479128856624
PCA_2,KMeans,2,2,0.8734731997114663,1145.3203642071624,0.28036285161005536,0.0,2,1.0,0.7155172413793104,0.896551724137931,0.0,0.8887931034482759
UMAP_3,HDBSCAN,3,5_3,0.7458398342132568,5401.481090133803,0.34356684005573473,0.0052631578947368585,19,0.8448275862068966,1.0,0.7844827586206897,0.0052631578947368585,0.8752404718693285
UMAP_3,HDBSCAN,3,15_5,0.7497087717056274,4901.322752647333,0.3391267456504924,0.08421052631578951,8,0.8793103448275862,0.9913793103448276,0.7931034482758621,0.08421052631578951,0.8745372050816697
UMAP_2,HDBSCAN,2,8_3,0.7639772891998291,3901.8893343688824,0.35013611219811813,0.07894736842105265,11,0.9310344827586207,0.9051724137931034,0.7586206896551724,0.07894736842105265,0.8643829401088929
UMAP_2,HDBSCAN,2,5_5,0.7609285712242126,3278.2556437553317,0.3473068092615675,0.0736842105263158,10,0.9224137931034483,0.896551724137931,0.7758620689655172,0.0736842105263158,0.8632803992740472
UMAP_3,HDBSCAN,3,8_5,0.747275173664093,4535.805605374073,0.3502144915503493,0.03157894736842104,9,0.8620689655172413,0.9396551724137931,0.7413793103448276,0.03157894736842104,0.8488566243194192
UMAP_3,HDBSCAN,3,5_5,0.747275173664093,4535.805605374073,0.3502144915503493,0.03157894736842104,9,0.8620689655172413,0.9396551724137931,0.7413793103448276,0.03157894736842104,0.8488566243194192
UMAP_3,HDBSCAN,3,10_5,0.747275173664093,4535.805605374073,0.3502144915503493,0.03157894736842104,9,0.8620689655172413,0.9396551724137931,0.7413793103448276,0.03157894736842104,0.8488566243194192
PCA_3,KMeans,3,2,0.8510576686936783,901.9145764953355,0.311629981663034,0.0,2,0.978448275862069,0.5905172413793104,0.8577586206896551,0.0,0.831896551724138
PCA_3,GMM,3,2,0.8510576686936783,901.9145764953355,0.311629981663034,0.0,2,0.978448275862069,0.5905172413793104,0.8577586206896551,0.0,0.831896551724138
PCA_2,GMM,2,2,0.858800865284341,887.988940670215,0.3211040818260801,0.0,2,0.9913793103448276,0.5689655172413793,0.8448275862068966,0.0,0.8280172413793103
UMAP_2,HDBSCAN,2,10_3,0.7558133602142334,3199.805523599754,0.3546818677364037,0.052631578947368474,10,0.8879310344827587,0.8879310344827587,0.6637931034482758,0.052631578947368474,0.8213702359346642
UMAP_3,KMeans,3,4,0.7975459098815918,739.6743775295754,0.20766619859293314,0.0,4,0.9439655172413793,0.41810344827586204,0.9913793103448276,0.0,0.7980603448275863
UMAP_2,HDBSCAN,2,5_8,0.7370067238807678,2875.5214690343414,0.3529842660303607,0.052631578947368474,9,0.8275862068965517,0.853448275862069,0.7155172413793103,0.052631578947368474,0.7968012704174228
UMAP_2,HDBSCAN,2,10_8,0.7370067238807678,2875.5214690343414,0.3529842660303607,0.052631578947368474,9,0.8275862068965517,0.853448275862069,0.7155172413793103,0.052631578947368474,0.7968012704174228
UMAP_2,HDBSCAN,2,8_8,0.7370067238807678,2875.5214690343414,0.3529842660303607,0.052631578947368474,9,0.8275862068965517,0.853448275862069,0.7155172413793103,0.052631578947368474,0.7968012704174228
UMAP_3,HDBSCAN,3,15_8,0.7975459098815918,739.6743775295754,0.20766619859293317,0.0,4,0.9439655172413793,0.41810344827586204,0.9827586206896551,0.0,0.7959051724137931
UMAP_3,HDBSCAN,3,15_3,0.72605299949646,4385.790451959039,0.3667469833672519,0.052631578947368474,8,0.7844827586206896,0.9224137931034483,0.6293103448275862,0.052631578947368474,0.7765426497277677
PCA_2,HDBSCAN,2,10_8,0.6972893139682137,1115.1134680533921,0.254218789887314,0.015789473684210575,3,0.7370689655172413,0.6767241379310345,0.9612068965517241,0.015789473684210575,0.7718421052631579
PCA_2,HDBSCAN,2,15_8,0.6972893139682137,1115.1134680533921,0.254218789887314,0.015789473684210575,3,0.7370689655172413,0.6767241379310345,0.9612068965517241,0.015789473684210575,0.7718421052631579
PCA_2,HDBSCAN,2,5_8,0.6972893139682137,1115.1134680533921,0.254218789887314,0.015789473684210575,3,0.7370689655172413,0.6767241379310345,0.9612068965517241,0.015789473684210575,0.7718421052631579
PCA_2,HDBSCAN,2,8_8,0.6972893139682137,1115.1134680533921,0.254218789887314,0.015789473684210575,3,0.7370689655172413,0.6767241379310345,0.9612068965517241,0.015789473684210575,0.7718421052631579
UMAP_3,HDBSCAN,3,10_3,0.7241083979606628,4056.195829476521,0.3747658139652466,0.0,9,0.7758620689655172,0.9137931034482759,0.5862068965517242,0.0,0.7698275862068966
UMAP_2,HDBSCAN,2,8_5,0.7332054972648621,2846.3301469042744,0.3552647271513625,0.04210526315789476,9,0.8060344827586207,0.8318965517241379,0.6508620689655172,0.04210526315789476,0.766578947368421
UMAP_2,HDBSCAN,2,10_5,0.7332054972648621,2846.3301469042744,0.3552647271513625,0.04210526315789476,9,0.8060344827586207,0.8318965517241379,0.6508620689655172,0.04210526315789476,0.766578947368421
UMAP_3,HDBSCAN,3,8_3,0.7268040776252747,4887.390343805085,0.4311025902785404,0.05789473684210522,11,0.7931034482758621,0.9827586206896551,0.4482758620689655,0.05789473684210522,0.7522141560798549
UMAP_2,HDBSCAN,2,15_5,0.700423538684845,2120.8946012072875,0.3543242534769173,0.04210526315789476,8,0.7586206896551724,0.8103448275862069,0.6724137931034483,0.04210526315789476,0.7441651542649728
PCA_4,KMeans,4,2,0.8409814053846933,787.8345430150558,0.3532886602676299,0.0,2,0.9612068965517241,0.44396551724137934,0.6939655172413793,0.0,0.7392241379310345
PCA_4,GMM,4,2,0.8409814053846933,787.8345430150558,0.3532886602676299,0.0,2,0.9612068965517241,0.44396551724137934,0.6939655172413793,0.0,0.7392241379310345
PCA_2,HDBSCAN,2,8_5,0.6930404064482253,961.7299508787048,0.2610189649759509,0.010526315789473717,3,0.6939655172413793,0.625,0.9353448275862069,0.010526315789473717,0.7315154264972777
PCA_2,HDBSCAN,2,10_5,0.6930404064482253,961.7299508787048,0.2610189649759509,0.010526315789473717,3,0.6939655172413793,0.625,0.9353448275862069,0.010526315789473717,0.7315154264972777
UMAP_2,HDBSCAN,2,15_3,0.6958593130111694,2114.9679851790634,0.3640317624364093,0.02631578947368418,8,0.7068965517241379,0.8017241379310345,0.6379310344827587,0.02631578947368418,0.7128402903811253
UMAP_2,HDBSCAN,2,5_3,0.6919297575950623,3189.316389486487,0.3972575882916808,0.0052631578947368585,21,0.6810344827586207,0.8793103448275862,0.5689655172413793,0.0052631578947368585,0.7114473684210526
UMAP_3,KMeans,3,5,0.6826141476631165,1661.6210801410664,0.3480245660037212,0.0,5,0.6379310344827587,0.7672413793103449,0.7672413793103449,0.0,0.709051724137931
PCA_2,HDBSCAN,2,8_3,0.6904358690499381,881.920994887486,0.2672554864504271,0.0052631578947368585,3,0.6637931034482759,0.5431034482758621,0.9137931034482758,0.0052631578947368585,0.6890335753176043
PCA_2,HDBSCAN,2,15_3,0.6904358690499381,881.920994887486,0.2672554864504271,0.0052631578947368585,3,0.6637931034482759,0.5431034482758621,0.9137931034482758,0.0052631578947368585,0.6890335753176043
PCA_2,HDBSCAN,2,10_3,0.6904358690499381,881.920994887486,0.2672554864504271,0.0052631578947368585,3,0.6637931034482759,0.5431034482758621,0.9137931034482758,0.0052631578947368585,0.6890335753176043
UMAP_2,KMeans,2,5,0.6965845823287964,988.6361393267923,0.3533954504789998,0.0,5,0.7155172413793104,0.6379310344827587,0.6810344827586207,0.0,0.6836206896551724
UMAP_3,KMeans,3,7,0.6856032013893127,2431.791375922676,0.4108804993499969,0.0,7,0.646551724137931,0.8189655172413793,0.5258620689655172,0.0,0.6681034482758621
UMAP_3,KMeans,3,8,0.678031861782074,3038.3881408715715,0.41796939878623013,0.0,8,0.6206896551724138,0.8706896551724138,0.4568965517241379,0.0,0.6547413793103448
UMAP_2,KMeans,2,7,0.6773473620414734,1511.927414100217,0.3909578095258089,0.0,7,0.6120689655172413,0.7586206896551724,0.5775862068965517,0.0,0.6474137931034483
UMAP_2,KMeans,2,8,0.6743978261947632,1951.3207565193152,0.39748566873909186,0.0,8,0.5862068965517241,0.7844827586206896,0.5603448275862069,0.0,0.6392241379310344
PCA_3,HDBSCAN,3,15_8,0.6680528396123294,883.7166866357343,0.2934557677007842,0.0368421052631579,3,0.5689655172413793,0.5603448275862069,0.8706896551724138,0.0368421052631579,0.6344419237749547
UMAP_3,KMeans,3,6,0.6519807577133179,2095.561782925917,0.40929657993543184,0.0,6,0.5431034482758621,0.7931034482758621,0.5344827586206897,0.0,0.615948275862069
PCA_2,KMeans,2,3,0.6665583191540104,894.6353283266516,0.37420780673364656,0.0,3,0.5603448275862069,0.5775862068965517,0.5948275862068966,0.0,0.5741379310344827
PCA_2,KMeans,2,4,0.6597581953823436,1130.6594368964315,0.45128722224890394,0.0,4,0.5517241379310345,0.6982758620689655,0.4051724137931034,0.0,0.559051724137931
UMAP_2,KMeans,2,6,0.6376872658729553,1192.2278170165143,0.4528598262827055,0.0,6,0.5344827586206896,0.7241379310344828,0.39655172413793105,0.0,0.5568965517241379
UMAP_3,KMeans,3,2,0.6803479790687561,148.85116398822043,0.28321263821214687,0.0,2,0.6293103448275862,0.008620689655172414,0.8879310344827587,0.0,0.5077586206896552
UMAP_2,KMeans,2,4,0.6756580471992493,362.40105116536273,0.32257619645961766,0.0,4,0.5991379310344828,0.09051724137931035,0.8318965517241379,0.0,0.5047413793103448
UMAP_2,HDBSCAN,2,15_8,0.6756580471992493,362.40105116536273,0.32257619645961766,0.0,4,0.5991379310344828,0.09051724137931035,0.8318965517241379,0.0,0.5047413793103448
PCA_3,HDBSCAN,3,8_8,0.609562532817259,865.7961303052211,0.3680247239787651,0.14210526315789473,4,0.5,0.5086206896551724,0.6120689655172413,0.14210526315789473,0.5021823956442831
PCA_3,HDBSCAN,3,10_8,0.609562532817259,865.7961303052211,0.3680247239787651,0.14210526315789473,4,0.5,0.5086206896551724,0.6120689655172413,0.14210526315789473,0.5021823956442831
PCA_3,HDBSCAN,3,5_8,0.609562532817259,865.7961303052211,0.3680247239787651,0.14210526315789473,4,0.5,0.5086206896551724,0.6120689655172413,0.14210526315789473,0.5021823956442831
UMAP_2,KMeans,2,3,0.6710750460624695,212.5244477434665,0.2898992597329391,0.0,3,0.5775862068965517,0.0603448275862069,0.8793103448275862,0.0,0.49784482758620685
PCA_3,KMeans,3,3,0.6144931637039711,671.9445034613221,0.433005183047877,0.0,3,0.5172413793103449,0.33620689655172414,0.4137931034482759,0.0,0.4370689655172414
PCA_3,KMeans,3,5,0.5904049259181479,876.649764152287,0.5591833842442371,0.0,5,0.46551724137931033,0.5258620689655172,0.23275862068965514,0.0,0.42543103448275865
PCA_3,HDBSCAN,3,8_5,0.5897193146263614,699.5828331860284,0.41462617931537016,0.08421052631578951,4,0.4482758620689655,0.3620689655172414,0.5,0.08421052631578951,0.418502722323049
PCA_3,HDBSCAN,3,10_5,0.5897193146263614,699.5828331860284,0.41462617931537016,0.08421052631578951,4,0.4482758620689655,0.3620689655172414,0.5,0.08421052631578951,0.418502722323049
PCA_3,HDBSCAN,3,15_5,0.5897193146263614,699.5828331860284,0.41462617931537016,0.08421052631578951,4,0.4482758620689655,0.3620689655172414,0.5,0.08421052631578951,0.418502722323049
UMAP_3,KMeans,3,3,0.7078261375427246,345.98383325985526,0.6009011312485734,0.0,3,0.7672413793103449,0.07758620689655173,0.19827586206896552,0.0,0.4181034482758621
PCA_3,KMeans,3,4,0.6058453293823606,713.5200769448109,0.5213723881916146,0.0,4,0.4827586206896552,0.4051724137931034,0.3017241379310345,0.0,0.41422413793103446
PCA_2,KMeans,2,8,0.5169858456397369,1493.1643098329419,0.49333913809600766,0.0,8,0.21551724137931033,0.75,0.31896551724137934,0.0,0.40172413793103445
PCA_2,HDBSCAN,2,15_5,0.5632919024191376,817.1852792881076,0.40742242767875336,0.13684210526315788,4,0.3275862068965517,0.46551724137931033,0.5431034482758621,0.13684210526315788,0.3954764065335753
PCA_4,HDBSCAN,4,5_8,0.5895575278302904,703.1122063864979,0.416670940837162,0.15263157894736845,4,0.4224137931034483,0.3879310344827586,0.47413793103448276,0.15263157894736845,0.39447368421052637
PCA_4,HDBSCAN,4,8_8,0.5895575278302904,703.1122063864979,0.416670940837162,0.15263157894736845,4,0.4224137931034483,0.3879310344827586,0.47413793103448276,0.15263157894736845,0.39447368421052637
PCA_4,HDBSCAN,4,10_8,0.5895575278302904,703.1122063864979,0.416670940837162,0.15263157894736845,4,0.4224137931034483,0.3879310344827586,0.47413793103448276,0.15263157894736845,0.39447368421052637
PCA_2,KMeans,2,7,0.5176991927350274,1322.6135684258736,0.5479189551255098,0.0,7,0.22413793103448276,0.7413793103448276,0.26724137931034486,0.0,0.3900862068965517
PCA_2,HDBSCAN,2,5_3,0.5421523223537171,1890.6304897721614,0.5291339995667379,0.1842105263157895,13,0.25862068965517243,0.7758620689655172,0.2844827586206896,0.1842105263157895,0.38341651542649724
PCA_2,KMeans,2,6,0.5139351792331408,1138.9501386973993,0.5953468887100423,0.0,6,0.20689655172413793,0.7068965517241379,0.2068965517241379,0.0,0.3568965517241379
PCA_2,KMeans,2,5,0.5040844511913422,1103.4044669284742,0.5531687987228017,0.0,5,0.19827586206896552,0.6551724137931034,0.2586206896551724,0.0,0.3504310344827586
PCA_3,HDBSCAN,3,15_3,0.5829909887760191,620.3068394716146,0.4325738078012289,0.05789473684210522,4,0.3620689655172414,0.25,0.43103448275862066,0.05789473684210522,0.33411070780399277
PCA_3,HDBSCAN,3,8_3,0.5829909887760191,620.3068394716146,0.4325738078012289,0.05789473684210522,4,0.3620689655172414,0.25,0.43103448275862066,0.05789473684210522,0.33411070780399277
PCA_3,HDBSCAN,3,10_3,0.5829909887760191,620.3068394716146,0.4325738078012289,0.05789473684210522,4,0.3620689655172414,0.25,0.43103448275862066,0.05789473684210522,0.33411070780399277
PCA_4,KMeans,4,3,0.5838740613171715,557.8698380565953,0.4652178241244518,0.0,3,0.38362068965517243,0.1853448275862069,0.3663793103448276,0.0,0.31982758620689655
PCA_4,GMM,4,3,0.5838740613171715,557.8698380565953,0.4652178241244518,0.0,3,0.38362068965517243,0.1853448275862069,0.3663793103448276,0.0,0.31982758620689655
PCA_2,HDBSCAN,2,5_5,0.5428743952716087,636.3484056859718,0.4021586015759908,0.09999999999999998,5,0.2672413793103448,0.2672413793103448,0.5517241379310345,0.09999999999999998,0.3183620689655172
PCA_2,GMM,2,8,0.3960994304771864,1238.9003114588302,0.6070459525617111,0.0,8,0.10344827586206896,0.7327586206896551,0.18965517241379315,0.0,0.3137931034482759
PCA_3,KMeans,3,8,0.4639947626757816,930.4010836545508,0.5769722076074825,0.0,8,0.15517241379310345,0.6120689655172413,0.22413793103448276,0.0,0.30948275862068964
PCA_4,HDBSCAN,4,10_5,0.5549481932039053,654.6519640629379,0.4558680836995883,0.09473684210526312,4,0.2974137931034483,0.30603448275862066,0.3836206896551724,0.09473684210526312,0.30260435571687844
PCA_4,HDBSCAN,4,8_5,0.5549481932039053,654.6519640629379,0.4558680836995883,0.09473684210526312,4,0.2974137931034483,0.30603448275862066,0.3836206896551724,0.09473684210526312,0.30260435571687844
PCA_3,HDBSCAN,3,5_5,0.5495752054961881,567.1848918910761,0.4134332879472035,0.08421052631578951,5,0.28448275862068967,0.20689655172413793,0.5172413793103448,0.08421052631578951,0.30255444646098006
PCA_4,KMeans,4,6,0.5589838261945974,656.0293055422569,0.557221689678132,0.0,6,0.31896551724137934,0.31896551724137934,0.25,0.0,0.30172413793103453
PCA_3,KMeans,3,7,0.47016858736316525,910.8471500266156,0.6161005462854562,0.0,7,0.1724137931034483,0.603448275862069,0.1724137931034483,0.0,0.3017241379310345
PCA_4,HDBSCAN,4,10_3,0.5871976236591697,517.9039107167528,0.49218133191995633,0.047368421052631615,4,0.40086206896551724,0.14224137931034483,0.3318965517241379,0.047368421052631615,0.29656079854809436
PCA_4,HDBSCAN,4,15_3,0.5871976236591697,517.9039107167528,0.49218133191995633,0.047368421052631615,4,0.40086206896551724,0.14224137931034483,0.3318965517241379,0.047368421052631615,0.29656079854809436
PCA_2,GMM,2,7,0.38943860323074786,1009.9747957280218,0.6593305130749734,0.0,7,0.09482758620689655,0.646551724137931,0.14655172413793105,0.0,0.27327586206896554
PCA_4,KMeans,4,4,0.5762591302589591,581.9683604454092,0.5918103885431958,0.0,4,0.33620689655172414,0.22413793103448276,0.2155172413793104,0.0,0.27241379310344827
PCA_4,KMeans,4,5,0.5552231604871096,651.1641156815223,0.6280573318497551,0.0,5,0.3103448275862069,0.29310344827586204,0.1637931034482759,0.0,0.2685344827586207
PCA_3,HDBSCAN,3,5_3,0.5922627519792691,158.35365059251401,0.5101882695394535,0.20526315789473681,13,0.47413793103448276,0.02586206896551724,0.31034482758620685,0.20526315789473681,0.25765426497277677
PCA_3,KMeans,3,6,0.46884397167441483,859.9301897604706,0.6712249356783131,0.0,6,0.16379310344827586,0.49137931034482757,0.13793103448275867,0.0,0.25560344827586207
UMAP_2,KMeans,2,2,0.6236440539360046,173.61519660756784,0.9001229968929932,0.0,2,0.5258620689655172,0.034482758620689655,0.017241379310344862,0.0,0.2512931034482759
PCA_4,GMM,4,5,0.5403560289731372,640.6465370788787,0.6436496510790912,0.0,5,0.2413793103448276,0.27586206896551724,0.15517241379310343,0.0,0.23017241379310344
PCA_4,HDBSCAN,4,15_8,0.5781832566916775,260.00566751466437,0.47780183762401757,0.22631578947368425,3,0.3448275862068966,0.06896551724137931,0.35344827586206895,0.22631578947368425,0.21896098003629766
PCA_4,GMM,4,4,0.5477526896475786,479.02425263565135,0.5576048379468643,0.0,4,0.27586206896551724,0.11206896551724138,0.24137931034482762,0.0,0.2181034482758621
PCA_4,HDBSCAN,4,5_5,0.5030204178563846,535.2348508829305,0.47836770120744854,0.09473684210526312,5,0.1896551724137931,0.15517241379310345,0.3448275862068966,0.09473684210526312,0.19915607985480946
PCA_4,KMeans,4,7,0.46100701866286825,669.881501545127,0.678263389619894,0.0,7,0.14655172413793102,0.3275862068965517,0.1293103448275862,0.0,0.196551724137931
PCA_4,KMeans,4,8,0.4602345432346407,698.6030111369682,0.6836921878733566,0.0,8,0.13793103448275862,0.3448275862068966,0.12068965517241381,0.0,0.1956896551724138
PCA_3,GMM,3,8,0.34368178922701215,823.3720565273628,0.7229275926785362,0.0,8,0.05172413793103448,0.47413793103448276,0.11206896551724133,0.0,0.19353448275862067
PCA_2,GMM,2,3,0.3796309736247129,747.0569729221789,0.834731710914851,0.0,3,0.08620689655172414,0.43103448275862066,0.051724137931034475,0.0,0.18103448275862066
PCA_2,GMM,2,6,0.3097404604428474,801.8160462772012,0.8293817757612184,0.0,6,0.034482758620689655,0.45689655172413796,0.07758620689655171,0.0,0.17198275862068965
PCA_4,HDBSCAN,4,15_5,0.541526362501703,212.1372544351327,0.5273733887577238,0.16842105263157892,3,0.25,0.05172413793103448,0.2931034482758621,0.16842105263157892,0.16760889292196007
PCA_2,GMM,2,5,0.2990164079700912,840.3308885302031,0.8952850773595042,0.0,5,0.02586206896551724,0.4827586206896552,0.025862068965517238,0.0,0.16293103448275864
PCA_4,HDBSCAN,4,5_3,0.5349748398403533,150.7717515898151,0.5410997603796216,0.16315789473684206,13,0.23275862068965517,0.017241379310344827,0.27586206896551724,0.16315789473684206,0.14624773139745917
PCA_4,GMM,4,6,0.4242210090947294,607.2581118818208,0.8024292771040512,0.0,6,0.11206896551724138,0.23275862068965517,0.09482758620689657,0.0,0.14396551724137932
PCA_3,GMM,3,5,0.42793313689934065,562.1220793728801,0.8224484628450168,0.0,5,0.1206896551724138,0.19827586206896552,0.08620689655172409,0.0,0.1353448275862069
PCA_3,GMM,3,6,0.35897551009271506,641.1170720152359,0.8312781449711831,0.0,6,0.06896551724137931,0.28448275862068967,0.06896551724137934,0.0,0.13362068965517243
PCA_3,GMM,3,4,0.4506015871541026,515.032440116955,0.7481087361449109,0.0,4,0.12931034482758622,0.12931034482758622,0.10344827586206895,0.0,0.1228448275862069
PCA_3,GMM,3,7,0.32972980218638787,580.2205002700927,0.8337402531541555,0.0,7,0.04310344827586207,0.21551724137931033,0.06034482758620685,0.0,0.09913793103448273
PCA_4,GMM,4,8,0.3539480575370665,549.9405548298627,0.869791905752919,0.0,8,0.0603448275862069,0.1724137931034483,0.03448275862068961,0.0,0.0875
PCA_4,HDBSCAN,4,8_3,0.497871513922601,207.53670900884052,0.6135125252798991,0.2789473684210526,8,0.1810344827586207,0.04310344827586207,0.18103448275862066,0.2789473684210526,0.08386569872958258
PCA_2,GMM,2,4,0.36834631584286376,383.24661199093987,0.8643079341015929,0.0,4,0.07758620689655173,0.10344827586206896,0.0431034482758621,0.0,0.0767241379310345
PCA_3,GMM,3,3,0.2359855437262362,537.3496273906453,1.1606829395882012,0.0,3,0.008620689655172414,0.16379310344827586,0.0,0.0,0.05301724137931034
PCA_4,GMM,4,7,0.2955598633644445,508.1211239551253,1.086778239420397,0.0,7,0.017241379310344827,0.1206896551724138,0.008620689655172376,0.0,0.04612068965517241
