Provinsi,2025,2028,delta_2025_2028,forecast_underdog,forecast_paradox,priority_score
ACEH,70.0,72.6237564086914,2.6237564086914062,True,False,1.7399999999999949
BALI,79.89,78.18043518066406,-1.709564819335938,False,False,1.709564819335938
BANTEN,77.78,81.4828872680664,3.702887268066405,False,False,0.0
BENGKULU,69.89,76.2197494506836,6.329749450683593,True,False,1.8499999999999943
DI YOGYAKARTA,77.44,81.82115173339844,4.38115173339844,False,False,0.0
DKI JAKARTA,71.52,73.15869903564453,1.6386990356445352,True,False,0.21999999999999886
GORONTALO,69.75,72.58056640625,2.83056640625,True,False,1.9899999999999949
JAMBI,76.16,81.82808685302734,5.668086853027347,False,False,0.0
JAWA BARAT,74.95,80.9954833984375,6.045483398437497,False,False,0.0
JAWA TENGAH,73.73,80.39767456054688,6.667674560546871,False,False,0.0
JAWA TIMUR,72.67,80.0818099975586,7.411809997558592,False,False,0.0
KALIMANTAN BARAT,71.52,71.26029968261719,-0.2597003173828085,False,False,0.4797003173828074
KALIMANTAN SELATAN,81.98,79.8397445678711,-2.1402554321289102,False,True,2.1402554321289102
KALIMANTAN TENGAH,73.62,73.74591064453125,0.12591064453124545,False,False,0.0
KALIMANTAN TIMUR,80.82,77.49227905273438,-3.327720947265618,False,True,3.327720947265618
KALIMANTAN UTARA,72.56,73.77175903320312,1.2117590332031227,False,False,0.0
KEP. BANGKA BELITUNG,78.2,83.0448226928711,4.844822692871091,False,False,0.0
KEP. RIAU,71.96,69.90504455566406,-2.0549554443359312,False,True,2.0549554443359312
LAMPUNG,73.06,73.74591064453125,0.6859106445312477,False,False,0.0
MALUKU,57.18,55.024559020996094,-2.155440979003906,False,False,16.7154409790039
MALUKU UTARA,58.27,55.024559020996094,-3.2454409790039094,False,False,16.7154409790039
NUSA TENGGARA BARAT,74.7,69.49541473388672,-5.204585266113284,False,True,5.204585266113284
NUSA TENGGARA TIMUR,58.24,55.024559020996094,-3.2154409790039082,False,False,16.7154409790039
PAPUA,57.45,55.024559020996094,-2.425440979003909,False,False,16.7154409790039
PAPUA BARAT,58.61,54.873268127441406,-3.736731872558593,False,False,16.86673187255859
PAPUA BARAT DAYA,57.15,55.12580871582031,-2.024191284179686,False,False,16.614191284179682
PAPUA PEGUNUNGAN,31.96,56.90068054199219,24.940680541992187,True,False,39.779999999999994
PAPUA SELATAN,53.96,55.16405487060547,1.204054870605468,True,False,17.779999999999994
PAPUA TENGAH,41.61,43.56748962402344,1.957489624023438,True,False,30.129999999999995
RIAU,70.42,74.68437957763672,4.264379577636717,True,False,1.3199999999999932
SULAWESI BARAT,67.08,71.96537017822266,4.885370178222658,True,False,4.659999999999997
SULAWESI SELATAN,74.3,80.04352569580078,5.743525695800784,False,False,0.0
SULAWESI TENGAH,70.4,74.77002716064453,4.370027160644526,True,False,1.3399999999999892
SULAWESI TENGGARA,67.56,71.20328521728516,3.643285217285154,True,False,4.179999999999993
SULAWESI UTARA,72.49,71.33976745605469,-1.1502325439453074,False,False,1.1502325439453074
SUMATERA BARAT,77.72,83.0448226928711,5.324822692871095,False,False,0.0
SUMATERA SELATAN,79.31,81.12879180908203,1.818791809082029,False,False,0.0
SUMATERA UTARA,71.47,73.15869903564453,1.6886990356445324,True,False,0.269999999999996
