topic_name,anger,fear,happy,love,sadness
Bantuan Beras dan Distribusi Bantuan Pangan,22.727272727272727,0.0,65.45454545454545,0.0,11.818181818181818
Bantuan Pangan dan Logistik bagi Korban Bencana,0.0,0.0,96.55172413793103,0.0,3.4482758620689653
"Harga Beras, Stok Pangan, dan Stabilitas Harga",21.176470588235293,3.5294117647058822,69.41176470588235,0.0,5.88235294117647
Kelaparan dan Isu Kebijakan Sosial,28.205128205128204,0.0,20.51282051282051,0.0,51.28205128205128
Kelaparan dan Krisis Pangan akibat Bencana,50.71090047393365,2.6066350710900474,15.639810426540285,0.23696682464454977,30.80568720379147
Kelaparan dan Kritik Penanganan Bencana,57.14285714285714,0.0,20.0,0.0,22.857142857142858
"Ketahanan Pangan, Pertanian, dan Ketersediaan Pangan",17.230098146128682,1.5267175572519083,74.37295528898582,0.0,6.870229007633588
Non-Food: Lalu Lintas dan Perjalanan,0.0,70.0,20.0,0.0,10.0
Outlier / Noise,47.43589743589743,1.282051282051282,33.33333333333333,0.0,17.94871794871795
