Topic,Count,Name,Representation,Representative_Docs
-1,78,-1_di_yg_ada_sungai,"['di', 'yg', 'ada', 'sungai', 'dan', 'petani', 'yang', 'ini', 'kelaparan', 'tapi']","['di indonesia ada rakyatnya yang mati kelaparan dengan anak di rumah kosong masih ngak tau diri goblok ini orang ngak tau bersyukur seperti menterinya masih bisa makan jika ada ini beras boleh bikin nasi goreng telur dari mati kelaparan', 'ada boat yg bisa dipakai menyeberang tidak otomatis berarti ada bantuan yg diseberangkan apalagi lantas diambil kesimpulan tidak ada orang kelaparan di jakarta banyak terdapat makanan tapi toh banyak orang yang kelaparan di jakarta apalagi di tempat yg lagi kena bencana', 'seramai 20 individu didakwa menjadi ahli geng rames yang disyaki aktif dalam sindiket jenayah terancang di kedah dan pulau pinang sejak tahun lalu dihadapkan ke mahkamah sesyen di sungai petani hari ini berita penuh']"
0,904,0_petani_pangan_dan_di,"['petani', 'pangan', 'dan', 'di', 'harga', 'ketahanan', 'yang', 'ini', 'dari', 'untuk']","['hai sahabatbahari kkp x kemenko pangan ri terus pastikan stok dan harga pangan aman di libur natal dan tahun baru pagi ini menteri trenggono bersama menko pangan zulkifli hasan melakukan kunjungan ke beberapa pasar di cirebon lho', 'hai sahabatbahari jelang natal dan tahun baru menteri trenggono bersama menko pangan zulkifli hasan turun langsung ke pasar tradisional di purworejo dan kebumen jawa tengah untuk memastikan harga dan stok bahan pangan', 'sobatternak kementerian pertanian memastikan ketersediaan dan stok kebutuhan pangan strategis nasional dalam kondisi aman menjelang natal dan tahun baru nataru 2025 pemerintah juga terus memperkuat pengawasan distribusi dan pergerakan harga di pasar']"
1,420,1_kelaparan_yg_dan_yang,"['kelaparan', 'yg', 'dan', 'yang', 'di', 'bencana', 'rakyat', 'masih', 'ada', 'bantuan']","['keputusan strategis apa yg udah diambil terkait bencana di sumatera kalo gak ada donasi dan relawan korban bencana pasti kelaparan', 'ku pikir kejahatan paling biadab adalah memblokade bantuan untuk rakyat gaza yang kelaparan karena di landa perang ternyata ada juga yang sama biadabnya memblokade bantuan dari luar untuk rakyatnya sendiri yang sedang kelaparan di landa bencana', 'pemerintah tidak perlu mengklaim bencana yang terjadi bisa ditangani sendiri kerusakan infrastruktur akses yg tertutup rakyat yang kehilangan rumah ancaman kelaparan amp penyakit anak yg trauma amp tidak bisa sekolah semua itu memerlukan dana yg besar amp harus segera diperbaiki']"
2,108,2_bantuan_beras_ton_30,"['bantuan', 'beras', 'ton', '30', 'uea', 'muhammadiyah', 'dari', 'medan', 'arab', 'uni']","['bantuan beras 30 ton dari uni emirat arab yang ditolak oleh walikota medan sekarang dikelola oleh muhammadiyah ternyata itu bukan bantuan resmi dari pemerintah uea tapi bantuan dari organisasi kemanusiaan bulan sabit merah', 'muhammadiyah salurkan 30 ton beras dari uae dan 3000 paket family kit dari lazismu muhammadiyah menyalurkan bantuan kemanusiaan berupa 30 ton beras yang berasal dari uni emirat arab uea bagi penyintas banjir di sumatera utara aceh dan sumatera barat penyaluran bantuan ini', 'bantuan beras 30 ton dari uea untuk korban bencana tidak jadi dikembalikan']"
3,84,3_beras_harga_bulog_stok,"['beras', 'harga', 'bulog', 'stok', 'ton', 'di', 'juta', 'kg', 'dan', 'pada']","['bulog sumut pastikan harga beras tetap stabil jelang tahun baru stok aman hingga 3 bulan ke depan', 'bulog pastikan harga beras minyak goreng aman jelang tahun baru 2026', 'bulog bersama pemprov jawa barat memastikan harga pangan khususnya beras gula pasir dan minyak goreng stabil dengan stok aman pada akhir tahun 2025 saat ini total stok beras nasional mencapai 3 56 juta ton khusus untuk jawa barat stok beras tersedia sekitar 540 ribu ton hal']"
4,35,4_indonesia_kelaparan_di_rakyat,"['indonesia', 'kelaparan', 'di', 'rakyat', 'bencana', 'indonesiasosmoralitas', 'masih', 'tidak', 'ada', 'mereka']","['iya ga kuat itu tu pak kenapa masih bilang indonesia kuat kami siap tidak butuh bantuan asing narasi nya ga sesuai dengan yang ada di lapangan pada faktanya masyarakat g kuat dan kurang tenaga dalam penanganan bencana banyak yang mati kelaparan dan sakit', 'membalas content indonesia tentang malaysia mencampuri hal indonesia bila menegur indonesia menolak bantuan kepada acheh tetapi malaysia sendiri menolak bantuan asing kerana banjir boleh dilihat video dibawah ya malaysia tidak ada mangsa mati kelaparan acheh ada cc pak', 'bagaimana bapak presiden republik indonesia menolak bantuan asing rakyat yg dipelosok masih dibiarkan menghadapi bencana banjir kelaparan berjuang bertahan hidup hingga kematian 1 bulan paska bencana harga diri apa yang kau maksud bapak presiden republik indonesia']"
5,28,5_bantuan_bencana_kebutuhan_dan,"['bantuan', 'bencana', 'kebutuhan', 'dan', 'hingga', 'pangan', 'untuk', 'di', 'terdampak', 'peduli']","['nu peduli terus hadir mendampingi warga terdampak bencana di sumatera hingga saat ini bantuan telah disalurkan ke berbagai titik melalui posko nu peduli di wilayah terdampak menjangkau desa pesantren dan permukiman warga bantuan berupa kebutuhan pangan air minum', 'bantuan disalurkan secara terkoordinasi mulai dari kebutuhan pangan non pangan makanan siap pakai hingga dukungan logistik untuk memastikan bantuan tepat sasaran dan menjangkau masyarakat yang membutuhkan bergerak bersama relawan bumn peduli kuatkan langkah untuk', 'bni bersama keluarga besar bumn peduli bergerak cepat menyalurkan bantuan kemanusiaan bagi warga terdampak bencana di sumatra melalui program satu hati untuk sumatera mulai dari bantuan pangan logistik kesehatan hingga pendirian posko dan dukungan pemulihan bni bersama 11']"
6,25,6_ya_abu_di_kelaparan,"['ya', 'abu', 'di', 'kelaparan', 'yg', 'aja', 'no', 'islam', 'dan', 'omon']","['dari no 1 aja udh jelas pemerintah nya emang jawa sentris udh 1000 an lebih yg meninggal rumah hancur di mana mana masyarakat kelaparan krna kurangnya bantuan mayat mayat yg masih blum d temukan tp msih blum bs d tetapkan bencana nasional mikir kids', 'kalo anak ga dipaksa ke sekolah terus ngapain ttp adain mbg liburan sklh ya libur libur sekolah bukan berarti org tua bikin anak2nya kelaparan goblok ada mbg jg ngapain menu jg asal2an bilang aja lu sama gsrombolan lu ttp pengen korup tolol', 'syuhada abu ibrahim abu ubaida jdi jubir al qassam selama 20 thn abu ubaida kelahiran gaza dan orangtuanya pengungsi dri majdal askalan saat nakba seluruh keluarga abu ubaida dikenal baik di gaza dan alami kelaparan sprti lainnya abu ibrahim hanya pakai keffiyeh saat jdi jubir']"
7,20,7_trafik_arah_sungai_harap,"['trafik', 'arah', 'sungai', 'harap', 'maklum', 'perlahan', 'pandu', 'selatan', 'km', 'petani']","['3 10hrs awas kemalangan km 110 7 arah utara dari bertam ke sungai petani s lorong kecemasan ditutup trafik terkawal pandu berhati hati harap maklum', '17 49hrs trafik perlahan arah selatan dari sungai petani s ke bertam pandu berhati hati harap maklum', '19 19hrs awas kemalangan km 116 arah selatan dari sungai petani s ke bertam lorong kecemasan terhalang trafik perlahan pandu berhati hati harap maklum']"
