Topic,Count,Name,topic_name_manual,topic_name_final
-1,78,-1_di_yg_ada_sungai,Outlier / Noise,Outlier / Noise
0,904,0_petani_pangan_dan_di,"Ketahanan Pangan, Pertanian, dan Ketersediaan Pangan","Ketahanan Pangan, Pertanian, dan Ketersediaan Pangan"
1,420,1_kelaparan_yg_dan_yang,Kelaparan dan Krisis Pangan akibat Bencana,Kelaparan dan Krisis Pangan akibat Bencana
2,108,2_bantuan_beras_ton_30,Bantuan Beras dan Distribusi Bantuan Pangan,Bantuan Beras dan Distribusi Bantuan Pangan
3,84,3_beras_harga_bulog_stok,"Harga Beras, Stok Pangan, dan Stabilitas Harga","Harga Beras, Stok Pangan, dan Stabilitas Harga"
4,35,4_indonesia_kelaparan_di_rakyat,Kelaparan dan Kritik Penanganan Bencana,Kelaparan dan Kritik Penanganan Bencana
5,28,5_bantuan_bencana_kebutuhan_dan,Bantuan Pangan dan Logistik bagi Korban Bencana,Bantuan Pangan dan Logistik bagi Korban Bencana
6,25,6_ya_abu_di_kelaparan,Kelaparan dan Isu Kebijakan Sosial,Kelaparan dan Isu Kebijakan Sosial
7,20,7_trafik_arah_sungai_harap,Non-Food: Lalu Lintas dan Perjalanan,Non-Food: Lalu Lintas dan Perjalanan
