colsample_bytree,learning_rate,max_depth,min_child_weight,n_estimators,reg_alpha,reg_lambda,subsample,MAE,RMSE,MAPE (%),R2
1.0,0.05,4,1,400,0.0,1.0,0.8,2.3746529789974815,3.102291923891631,4.015273005315229,0.9134947208969372
1.0,0.05,4,1,400,0.0,1.0,1.0,2.31494419700221,3.1225973196875305,3.9726551392731047,0.9123586109164207
1.0,0.05,4,1,400,0.1,1.0,0.8,2.419174053794459,3.1613456063926555,4.082556853765812,0.910170032945311
1.0,0.05,4,1,200,0.0,1.0,1.0,2.3752274563438016,3.17048779439411,4.061990128381831,0.9096497292449581
1.0,0.02,4,1,400,0.1,1.0,1.0,2.3598657909192537,3.1788078141784437,4.065070765744055,0.909174911224086
1.0,0.05,3,1,400,0.0,1.0,0.8,2.4967973970112043,3.191638636230194,4.152385929144769,0.9084402254366779
1.0,0.02,4,1,400,0.0,1.0,1.0,2.362110290527344,3.1919872740569124,4.062531906522395,0.9084202213272475
1.0,0.05,4,1,200,0.0,1.0,0.8,2.493754489296361,3.2079204426211487,4.184325467931928,0.9075036776840518
1.0,0.05,4,1,400,0.1,1.0,1.0,2.4002514809056334,3.210989085068393,4.130862474414103,0.9073266322096799
1.0,0.05,3,1,400,0.0,1.0,1.0,2.3724971329538445,3.211772560928148,4.0365751133766254,0.9072814024050208
0.8,0.02,4,1,400,0.0,1.0,1.0,2.465338154842979,3.226950264012686,4.170972071076099,0.9064030211287072
1.0,0.05,3,1,400,0.1,1.0,1.0,2.38026900442023,3.2306763972224344,4.0525482952971075,0.9061867449949426
1.0,0.05,3,1,400,0.1,1.0,0.8,2.5225577464856594,3.239239851435058,4.2007778382418035,0.9056887500595473
1.0,0.05,4,1,200,0.1,1.0,1.0,2.458207782946135,3.2613342084627033,4.215104789113679,0.9043977972552979
1.0,0.05,4,1,200,0.1,1.0,0.8,2.5510461305317125,3.2723865946096153,4.268745184197112,0.9037487237089181
0.8,0.05,4,1,400,0.0,1.0,1.0,2.5181665922466077,3.2808772968626037,4.226484354506734,0.9032485987191388
0.8,0.02,4,1,400,0.1,1.0,1.0,2.501962252165142,3.282038961515437,4.245457392038797,0.9031800727912707
1.0,0.02,4,1,200,0.1,1.0,1.0,2.473207325182463,3.2939262517190993,4.241857688437559,0.902477454163598
0.8,0.05,4,1,400,0.1,1.0,1.0,2.502304771824887,3.2994385110774176,4.230999311105527,0.9021507805674984
1.0,0.02,4,1,200,0.0,1.0,1.0,2.455852090935958,3.3041426544684778,4.221031923206989,0.9018715664592479
1.0,0.05,3,1,400,0.0,3.0,0.8,2.495397716321443,3.3254861114713408,4.199426398619979,0.900599730028249
0.8,0.05,4,1,200,0.1,1.0,1.0,2.537187568263004,3.3257389057007063,4.278444101104241,0.9005846171882748
0.8,0.05,4,1,200,0.0,1.0,1.0,2.571179038599918,3.328337543627182,4.308356547244562,0.9004291957777923
1.0,0.05,4,3,400,0.1,3.0,0.8,2.6223542906108652,3.3327643622761447,4.351266839104784,0.900164153536259
1.0,0.05,3,1,200,0.0,1.0,1.0,2.542254775197882,3.3553101435615518,4.2903713322912305,0.8988088278183353
0.8,0.05,3,1,400,0.0,1.0,1.0,2.53135169179816,3.370627632605458,4.25944559630013,0.8978828134812511
1.0,0.05,3,1,200,0.1,1.0,1.0,2.5439891574257296,3.3717745779013697,4.2988826837293415,0.89781330550437
0.8,0.02,4,1,200,0.0,1.0,1.0,2.5677081660220495,3.3798204848041187,4.369872932339381,0.8973250370381204
1.0,0.02,3,1,400,0.0,1.0,1.0,2.580891836065995,3.3883850325570593,4.3461018410451375,0.8968040159998694
1.0,0.02,3,1,400,0.1,1.0,1.0,2.6091054374293274,3.391482098050018,4.386062408658745,0.8966152825583088
0.8,0.05,3,1,400,0.1,1.0,0.8,2.650456273932206,3.397658729246699,4.4217708608770865,0.8962383672512333
0.8,0.05,3,1,400,0.1,1.0,1.0,2.6298770904541016,3.4001490229686606,4.382153013689041,0.8960862085687621
1.0,0.02,4,1,400,0.1,1.0,0.8,2.659114861739309,3.407654647408257,4.451403205533633,0.8956269353308575
1.0,0.02,4,1,400,0.0,1.0,0.8,2.668423939755088,3.41391010704994,4.470850638852376,0.8952433866267465
0.8,0.02,4,1,200,0.1,1.0,1.0,2.618868777626439,3.436419886306501,4.4525616241308645,0.8938573968845813
1.0,0.05,4,3,400,0.0,1.0,0.8,2.690073675858347,3.4463781548270784,4.461006817582551,0.8932413324378282
1.0,0.05,4,3,400,0.1,1.0,0.8,2.6984679934853,3.4489891052825805,4.461973609475029,0.8930795120191444
1.0,0.05,3,1,200,0.0,1.0,0.8,2.7743601909436673,3.450534301385991,4.541446597330635,0.8929836867641083
0.8,0.05,4,3,400,0.0,3.0,1.0,2.708167616191663,3.4543841704652207,4.458085540429379,0.8927447506462395
1.0,0.05,4,3,400,0.0,3.0,0.8,2.778259261281866,3.4589111582040726,4.562106750053496,0.8924634493617433
1.0,0.05,4,3,200,0.1,3.0,0.8,2.7587878417968748,3.4628426362271294,4.5483522707937825,0.8922188533975637
1.0,0.05,3,1,200,0.1,1.0,0.8,2.774791954442074,3.4691454168288365,4.548594120996291,0.891826147627523
0.8,0.05,3,1,400,0.1,3.0,1.0,2.5346428881193463,3.5063341284345007,4.262696390640661,0.8894945023010095
1.0,0.05,3,1,400,0.1,3.0,0.8,2.7083133496736225,3.507440572106379,4.500346437859017,0.8894247500210749
0.8,0.05,3,3,400,0.0,3.0,1.0,2.653849916960064,3.512690512857781,4.426401514233504,0.8890934839849807
0.8,0.05,4,3,400,0.1,1.0,0.8,2.835585841128701,3.5273836559953513,4.669830348643102,0.8881637274680202
0.8,0.02,3,1,400,0.0,1.0,1.0,2.7493548142282584,3.530565261808175,4.5513180832130615,0.887961889823423
0.8,0.05,3,1,400,0.0,3.0,0.8,2.7966016588712996,3.5316963864044233,4.610005885365371,0.8878900886508032
0.8,0.05,3,1,200,0.0,1.0,1.0,2.7103700135883533,3.532867191664997,4.527039532997903,0.8878157444169534
0.8,0.05,3,1,400,0.0,1.0,0.8,2.8149888851768092,3.533777420676057,4.634247532370451,0.8877579293262501
1.0,0.05,4,3,400,0.0,1.0,1.0,2.753011570980674,3.5359705257200704,4.584173571965942,0.8876185685196392
0.8,0.05,3,1,200,0.1,1.0,1.0,2.7854292016280326,3.537955363109385,4.6154593583969135,0.8874923675403161
1.0,0.05,3,3,400,0.1,3.0,0.8,2.9057290769878183,3.541412730887118,4.725336668633378,0.8872723702349197
1.0,0.05,3,3,400,0.0,3.0,0.8,2.884419768484015,3.548869242857606,4.717492955631444,0.8867971701456397
0.8,0.05,3,1,400,0.0,3.0,1.0,2.596068649291992,3.5507270201603114,4.343752288974636,0.8866786193175524
0.8,0.02,3,1,400,0.1,1.0,1.0,2.7994074289422284,3.55256330538356,4.6322478918340275,0.8865613789983748
1.0,0.02,4,1,200,0.1,1.0,0.8,2.7768526820132604,3.5540885510274864,4.661384452926738,0.8864639513722066
0.8,0.05,4,1,400,0.0,3.0,1.0,2.788003359342876,3.5545980050297037,4.521852213410164,0.8864313998253778
1.0,0.02,4,1,200,0.0,1.0,0.8,2.785284793251439,3.556583222545867,4.680891082576711,0.8863045099028172
0.8,0.02,4,1,400,0.0,1.0,0.8,2.828445743761564,3.557579081025001,4.655527398519543,0.886240830544031
1.0,0.05,4,3,400,0.1,1.0,1.0,2.7728905687834087,3.557693690791916,4.615286358212396,0.8862335007719521
0.8,0.05,3,1,400,0.1,3.0,0.8,2.816610814144737,3.5590165357406462,4.628703310694478,0.8861488822347646
1.0,0.05,3,3,400,0.1,1.0,0.8,2.8865253528795742,3.5595872075771844,4.703237200352828,0.8861123683075242
1.0,0.05,3,1,400,0.0,3.0,1.0,2.5820785843698597,3.561237317476542,4.3688050181891125,0.8860067545630174
0.8,0.05,4,1,400,0.0,1.0,0.8,2.8264501350804383,3.562280347652815,4.676355176204691,0.8859399711414073
1.0,0.05,3,1,400,0.1,3.0,1.0,2.55257852654708,3.5653015438366817,4.335914162802072,0.8857464187995319
1.0,0.05,3,3,400,0.0,1.0,0.8,2.8867101649234166,3.570302860500093,4.702419731849683,0.8854256497884255
1.0,0.05,4,1,400,0.0,3.0,1.0,2.6524631259315887,3.5730185921199245,4.492948069496144,0.8852512827745616
1.0,0.05,4,3,200,0.1,1.0,0.8,2.832222458688836,3.5739249310248886,4.657927110420192,0.8851930606217169
0.8,0.05,4,3,400,0.1,3.0,1.0,2.810722138254266,3.575247064157086,4.622797908700036,0.8851081018507317
0.8,0.05,4,1,400,0.1,3.0,1.0,2.7708576001619036,3.5784650513069467,4.532891484019968,0.8849011863379214
0.8,0.05,3,1,200,0.1,1.0,0.8,2.8307925736276727,3.5810409803047483,4.684710164034215,0.8847354208048643
1.0,0.05,4,3,200,0.0,1.0,0.8,2.8387923351087068,3.586057746781121,4.681812214368369,0.8844122407429731
1.0,0.02,3,1,200,0.0,1.0,1.0,2.7545362010755037,3.5913812473283677,4.636948070338356,0.8840688061009452
0.8,0.02,4,1,400,0.1,1.0,0.8,2.8701246241519325,3.5941386662861934,4.716303934577035,0.8838907166308799
1.0,0.02,3,1,200,0.1,1.0,1.0,2.7552849859940376,3.5949820822433187,4.642819963529818,0.8838362168346233
1.0,0.05,4,3,200,0.0,3.0,0.8,2.913248548005756,3.6002029658129104,4.764126980496806,0.8834985695487464
0.8,0.05,4,3,400,0.0,1.0,0.8,2.879311005441766,3.6096558365458047,4.756363327370428,0.8828859825634753
1.0,0.05,4,1,400,0.0,3.0,0.8,2.7830800909745066,3.6144060884288365,4.614825082907705,0.8825775392314328
1.0,0.05,4,1,400,0.1,3.0,0.8,2.7911792433889286,3.6145624469275086,4.637358443729495,0.8825673796664298
0.8,0.05,3,3,400,0.1,3.0,1.0,2.7578089784321036,3.615828545464064,4.588128721282072,0.8824850973372377
0.8,0.05,4,1,400,0.1,1.0,0.8,2.883378970497533,3.619701260135398,4.747290153126338,0.882233235060537
1.0,0.02,4,3,400,0.1,1.0,0.8,2.9097704475804376,3.6225933441329206,4.799699873946612,0.8820449723198338
0.8,0.05,4,3,200,0.0,3.0,1.0,2.852931361951326,3.628238452341868,4.722462169917152,0.8816770658807614
0.8,0.02,3,1,400,0.0,1.0,0.8,2.9209214341013054,3.631168505424077,4.749075074362579,0.8814858808352218
0.8,0.05,4,3,400,0.1,3.0,0.8,2.9229646943744862,3.6313045911374413,4.781382612032731,0.8814769975346297
0.8,0.05,4,3,400,0.0,3.0,0.8,2.9055164698550575,3.632099789063337,4.747891581941252,0.8814250825476556
1.0,0.02,4,3,400,0.0,1.0,0.8,2.9167860653525906,3.6368598744844576,4.808419998527529,0.8811140797524221
1.0,0.02,4,3,200,0.1,1.0,0.8,2.9326872534500925,3.637601204076179,4.864724868786925,0.8810656079188919
0.8,0.05,4,1,200,0.0,1.0,0.8,2.903136299534848,3.6437511231447135,4.791919121919379,0.8806631145462301
1.0,0.05,4,1,400,0.1,3.0,1.0,2.7416218366120986,3.6444090570796237,4.6081257991598035,0.8806200145250846
0.8,0.05,3,3,400,0.0,3.0,0.8,2.981615556415759,3.649687366834828,4.866377058358655,0.8802739606950059
1.0,0.05,4,3,200,0.0,1.0,1.0,2.861191675286544,3.6526935423492652,4.740463756069943,0.8800766475116687
1.0,0.02,4,3,200,0.0,1.0,0.8,2.9440992977744656,3.6558965330320676,4.881291269935182,0.879866237419627
0.8,0.02,3,1,400,0.0,3.0,1.0,2.733387692100123,3.656413368218678,4.556983360943065,0.8798322683267734
1.0,0.02,4,3,400,0.0,1.0,1.0,2.898608434576737,3.658085497864566,4.799105381820535,0.8797223343823223
1.0,0.02,4,3,200,0.0,1.0,1.0,2.910724515412983,3.6585208094599646,4.835908600776787,0.8796937066327227
0.8,0.02,4,1,400,0.1,3.0,0.8,2.9472178047581723,3.658553938391271,4.8389943796589945,0.8796915278084483
0.8,0.02,3,1,400,0.1,1.0,0.8,2.92147386249743,3.6642079221147608,4.759961855062297,0.8793193874668016
0.8,0.05,3,1,200,0.1,3.0,1.0,2.691923559088456,3.664402680951732,4.521421720620936,0.8793065583692886
0.8,0.02,4,1,200,0.0,1.0,0.8,2.9049863915694387,3.6674803705835908,4.812941225351365,0.879103735165888
1.0,0.02,3,1,400,0.0,1.0,0.8,2.960969206157483,3.6704888475176203,4.856777047289858,0.8789053085805153
1.0,0.05,4,3,200,0.1,1.0,1.0,2.8885680429559004,3.676720409401215,4.789914768358113,0.8784937832156857
1.0,0.05,3,3,400,0.0,3.0,1.0,2.8474734938772097,3.6780446667589244,4.725811441148378,0.878406240807988
0.8,0.02,4,3,400,0.1,3.0,0.8,3.0185824544806232,3.6813862549794067,4.971227880584505,0.8781851989860023
1.0,0.05,3,1,200,0.0,3.0,0.8,2.8848263067948188,3.6849958110631422,4.7533099987326075,0.8779462059085731
0.8,0.05,4,1,200,0.0,3.0,1.0,2.8886649884675677,3.6882125654271447,4.743230955600029,0.8777330233384311
1.0,0.05,4,1,200,0.0,3.0,1.0,2.7756289592542145,3.6902987311027764,4.673904844456333,0.8775946683478196
1.0,0.05,3,3,400,0.1,3.0,1.0,2.8044609029669507,3.6903982390783,4.707618505051473,0.8775880670009624
0.8,0.02,4,1,200,0.1,1.0,0.8,2.919631917853104,3.691969727345487,4.833394624029862,0.8774837910597818
0.8,0.05,4,1,200,0.1,1.0,0.8,2.951934902793483,3.6934764058799,4.852356970889998,0.8773837738757237
0.8,0.02,4,1,400,0.0,3.0,0.8,2.9833250065853725,3.6949640530154957,4.884330221776205,0.8772849800063561
0.8,0.02,4,3,400,0.0,3.0,0.8,3.0343955792878803,3.695580037267631,4.994049581218052,0.8772440611667968
1.0,0.02,4,3,400,0.1,1.0,1.0,2.905670744243421,3.6961485945328914,4.828229603905777,0.8772062867719861
0.8,0.05,4,3,200,0.1,1.0,0.8,3.0020134534333884,3.699319194005047,4.941647134749106,0.8769955286500332
1.0,0.02,4,1,400,0.0,3.0,1.0,2.8077472044292247,3.702536728704084,4.709613354263219,0.8767814658737795
0.8,0.02,4,1,200,0.1,3.0,0.8,2.894857611405222,3.703135411779495,4.853723352710915,0.876741614917311
0.8,0.05,4,1,200,0.1,3.0,1.0,2.8700893201326068,3.705618512239319,4.710434182011496,0.876576260139611
0.8,0.05,3,3,200,0.0,3.0,1.0,2.843024376317074,3.706873914050668,4.71745068137943,0.8764926181604383
0.8,0.05,3,1,200,0.0,3.0,1.0,2.740369310880962,3.7091270243779886,4.582239962949492,0.8763424321359358
0.8,0.02,3,1,400,0.1,3.0,1.0,2.7667803272448084,3.7093237275039486,4.611123654781426,0.8763293161251005
1.0,0.02,3,1,400,0.1,1.0,0.8,3.015380542152806,3.7122694762763824,4.930681493608142,0.876132812693758
0.8,0.05,3,3,400,0.1,3.0,0.8,3.0523693566573296,3.7131396862322834,4.968103372875053,0.8760747333468152
1.0,0.02,4,1,400,0.1,3.0,1.0,2.8227929727654706,3.7153338404312923,4.728090543049386,0.8759282311920259
1.0,0.05,2,1,400,0.0,1.0,0.8,3.070536073383532,3.7201001414744033,5.011086683100577,0.8756096903832906
1.0,0.05,2,1,400,0.1,1.0,0.8,3.0557918387965146,3.723537840200218,5.0037894929813085,0.8753796890552983
1.0,0.02,4,3,200,0.1,1.0,1.0,2.949177968878495,3.7240983446981875,4.911374887217229,0.875342168017456
0.8,0.05,3,3,400,0.1,1.0,0.8,3.0443205542313425,3.726665848711936,4.956634136475906,0.8751702231419005
0.8,0.02,3,1,200,0.0,1.0,1.0,2.895918065121299,3.7280794325677404,4.827480617782517,0.8750755053265655
1.0,0.02,4,1,200,0.1,3.0,0.8,2.8348592296399566,3.728450922927826,4.7837510018891525,0.8750506074891881
1.0,0.05,3,1,200,0.1,3.0,1.0,2.7514402008056638,3.7328650195881683,4.623557464222467,0.8747545782857893
0.8,0.05,4,3,400,0.0,1.0,1.0,2.9754507165206108,3.734821119875957,4.932627099854625,0.8746232813892612
1.0,0.02,4,1,200,0.0,3.0,0.8,2.8576984003970494,3.7356084061180317,4.8110085002898355,0.8745704179368811
0.8,0.05,3,1,200,0.0,1.0,0.8,3.0088293135793585,3.7361288775214554,4.9195428531634455,0.8745354640277342
0.8,0.02,4,3,400,0.1,3.0,1.0,2.943670670358758,3.737786508163967,4.8636703837110895,0.8744241081282464
0.8,0.02,4,1,200,0.0,3.0,0.8,2.941022061799702,3.7381013859968624,4.9123514308861,0.8744029497607928
0.8,0.05,4,3,200,0.1,3.0,1.0,2.9478487597013774,3.7385879295424456,4.868124118333796,0.874370252728422
0.8,0.05,2,1,400,0.1,3.0,0.8,3.1030313672517473,3.741176548066198,5.035352958262361,0.8741962190639656
1.0,0.02,4,1,400,0.1,3.0,0.8,2.9051123528731493,3.7423415333574215,4.798808266096575,0.8741178574194532
1.0,0.02,3,1,400,0.1,3.0,1.0,2.823872166683799,3.743196794287406,4.721658952516875,0.8740603135637045
0.8,0.02,3,1,200,0.1,1.0,1.0,2.947706395199424,3.7434843917562115,4.902121916059856,0.874040960412664
0.8,0.05,4,3,400,0.1,1.0,1.0,2.976915660657381,3.744484845799395,4.898065902230952,0.8739736257819873
1.0,0.02,4,1,400,0.0,3.0,0.8,2.917011397512335,3.745280747194535,4.815560844495136,0.873920045526645
0.8,0.02,4,3,200,0.1,3.0,0.8,2.9783600295217414,3.747764971068162,5.0007960904460145,0.8737527337924716
0.8,0.02,4,3,400,0.0,1.0,1.0,2.9872492740028784,3.750291271929345,4.962529853277544,0.8735824744111177
0.8,0.02,4,3,400,0.0,3.0,1.0,2.9790006898578842,3.7504367134551546,4.909600388829623,0.8735726689250891
0.8,0.02,4,3,400,0.1,1.0,0.8,3.081052185861688,3.7520025362156875,5.059308355142621,0.873467079025662
0.8,0.02,3,1,400,0.0,3.0,0.8,2.99604173359118,3.7541766137643413,4.912267407339345,0.8733203989099662
1.0,0.05,4,1,200,0.1,3.0,1.0,2.859126157258686,3.7548686864166374,4.782157444728321,0.8732736884977806
0.8,0.02,4,3,200,0.0,3.0,0.8,2.9907022817511306,3.755674157537148,5.017829056060789,0.87321931358306
0.8,0.02,4,3,400,0.0,1.0,0.8,3.0750527713173312,3.756371144003501,5.0466519303266555,0.8731722527261513
1.0,0.05,4,1,200,0.1,3.0,0.8,2.9340498030813116,3.7584623222920714,4.84120706730175,0.8730310029692054
1.0,0.05,4,1,200,0.0,3.0,0.8,2.9318784814131886,3.7614603162012545,4.826072100427542,0.872828364728562
0.8,0.02,3,1,400,0.1,3.0,0.8,3.032481404354698,3.7628640923633596,4.975875233221471,0.8727334261637559
0.8,0.05,4,3,200,0.0,1.0,0.8,3.0363142073781866,3.7664202312888153,5.002673260859854,0.8724927629546091
1.0,0.02,4,3,400,0.0,3.0,0.8,3.0517390241120985,3.7677131524587164,5.0041918904345675,0.8724052076147119
0.8,0.02,4,1,400,0.1,3.0,1.0,2.950974655151367,3.770923504596219,4.851671841900223,0.8721876758059123
0.8,0.05,2,1,400,0.0,3.0,0.8,3.14632045143529,3.7715337529308726,5.083688911517395,0.8721463047364443
1.0,0.05,4,3,400,0.1,3.0,1.0,2.915345788252981,3.773711930360585,4.809075455325007,0.8719985831625146
1.0,0.02,4,3,400,0.1,3.0,0.8,3.062808171322471,3.7751274993488524,5.017605007434028,0.8719025351208213
1.0,0.02,4,3,200,0.1,3.0,0.8,2.9545249015406556,3.775709904162021,4.9535030866728595,0.8718630078016012
0.8,0.02,4,3,200,0.1,1.0,0.8,3.0999461445055507,3.7801677863677976,5.120812431510036,0.871560253170561
1.0,0.02,4,3,200,0.0,3.0,0.8,2.9520955417030734,3.7816414017751794,4.9534311117867595,0.8714600948220022
0.8,0.05,3,3,200,0.1,3.0,1.0,2.9164484847219367,3.7817285098307796,4.829339297524169,0.8714541730600083
1.0,0.02,4,1,200,0.1,3.0,1.0,2.8343244090833157,3.7820465018862826,4.7808858829444185,0.8714325542313639
0.8,0.05,3,3,400,0.0,1.0,0.8,3.087537058780068,3.782070870525767,5.017612264974035,0.8714308974437875
1.0,0.05,3,1,200,0.0,3.0,1.0,2.8274104991712066,3.785212869163071,4.730848799920697,0.8712171882047489
1.0,0.02,3,1,400,0.0,3.0,1.0,2.85797124360737,3.7856730441987416,4.7719548217090475,0.8711858735921276
1.0,0.05,4,3,400,0.0,3.0,1.0,2.937945669073807,3.787663869122442,4.866816857311901,0.871050355389205
0.8,0.05,4,1,400,0.0,3.0,0.8,3.0273541018837378,3.7902475947009613,4.9363753856046655,0.8708743713835094
1.0,0.02,4,1,200,0.0,3.0,1.0,2.8482686333907274,3.7915983718688424,4.797185464529387,0.8707823188055938
0.8,0.02,4,1,400,0.0,3.0,1.0,2.9667960397820723,3.79530031200644,4.867810506933368,0.8705298713700346
1.0,0.05,3,3,200,0.1,1.0,0.8,3.138394289518657,3.796092818417194,5.061488705227111,0.8704757957442838
0.8,0.02,4,3,400,0.1,1.0,1.0,3.0247323889481392,3.8022925029471137,5.011672675984719,0.8700523788410813
0.8,0.02,4,3,200,0.0,1.0,1.0,3.067818993016293,3.8048525408548057,5.102667839123333,0.8698773355862218
0.8,0.02,3,3,400,0.0,3.0,1.0,2.9831898297761614,3.8058238398234114,4.936860997792027,0.8698108919380212
0.8,0.02,4,3,200,0.0,1.0,0.8,3.1139630488345498,3.8074450677299563,5.145826971987337,0.869699950822701
1.0,0.05,3,3,200,0.1,3.0,0.8,3.1601140714946543,3.811940284047998,5.103482208622119,0.8693920946815076
0.8,0.05,4,3,200,0.0,3.0,0.8,3.079425004657946,3.8124071627283085,5.029637260227175,0.8693600995419395
0.8,0.02,3,1,200,0.0,1.0,0.8,3.0425313246877566,3.8132256811279563,5.0052541234430326,0.8693039971181046
0.8,0.05,3,1,200,0.0,3.0,0.8,3.066430162128649,3.81389915267074,5.021765721148123,0.8692578273821004
0.8,0.02,4,3,200,0.1,3.0,1.0,2.943311619005705,3.814905279257975,4.942746328574855,0.8691888373424759
0.8,0.05,3,1,200,0.1,3.0,0.8,3.0529998176976254,3.81584017010183,4.99910218439259,0.8691247156229808
0.8,0.05,4,3,200,0.1,3.0,0.8,3.09739915546618,3.818913873859446,5.0545487185080615,0.8689137875689934
0.8,0.02,4,1,200,0.1,3.0,1.0,2.942727689241108,3.8211796788084214,4.919292110237031,0.8687581915487104
1.0,0.05,3,1,200,0.1,3.0,0.8,3.043953439812911,3.823291751710951,4.977111611229262,0.8686130694154556
0.8,0.05,4,1,400,0.1,3.0,0.8,3.0664761312384354,3.8235750654604095,4.975855205182139,0.8685935966126834
0.8,0.02,3,1,200,0.0,3.0,1.0,2.8806171216462784,3.826442635515636,4.832217088454877,0.8683964207435643
1.0,0.05,3,3,200,0.0,3.0,0.8,3.15736467863384,3.826902369499378,5.117821470836628,0.8683647954047721
1.0,0.02,3,1,400,0.0,3.0,0.8,3.066264186658357,3.8293368380789676,5.027407131127331,0.8681972637204813
0.8,0.02,4,3,200,0.1,1.0,1.0,3.0928360788445723,3.8307332256799405,5.1298227630512745,0.8681011210871871
1.0,0.05,3,3,200,0.0,1.0,0.8,3.167867644460577,3.8329575154865725,5.101001518507947,0.8679479042017795
0.8,0.02,4,3,200,0.0,3.0,1.0,2.9910413119667454,3.840518418822192,5.002211575581335,0.867426417655877
1.0,0.02,3,1,400,0.1,3.0,0.8,3.0780094628585006,3.843267627143196,5.040248807128356,0.867236545972695
1.0,0.05,2,1,400,0.0,3.0,0.8,3.1966064694053244,3.8476359069215977,5.173684505688567,0.8669345750698713
0.8,0.02,3,1,200,0.1,1.0,0.8,3.055593173378392,3.8523505358960293,5.030691576236584,0.8666082768018488
1.0,0.05,3,3,200,0.1,3.0,1.0,2.9900712224056845,3.8544427117913203,4.965508994958882,0.866463349839517
1.0,0.05,2,1,400,0.1,3.0,0.8,3.199231784218236,3.8554004323797066,5.19070808399942,0.8663969813928388
0.8,0.02,4,1,200,0.0,3.0,1.0,2.978666654887952,3.856947146113682,4.96020252861795,0.8662897618816294
0.8,0.02,3,3,400,0.1,3.0,1.0,3.0406094842208056,3.8589321111776433,5.040951121609063,0.8661520994053086
0.8,0.05,4,3,200,0.0,1.0,1.0,3.101529271979081,3.864608806900396,5.116854962091112,0.8657580149040578
0.8,0.02,3,1,200,0.1,3.0,1.0,2.88101826717979,3.866503093738634,4.847791222117277,0.8656263818407202
1.0,0.02,4,3,400,0.0,3.0,1.0,3.055808466861122,3.8680225233277588,5.058852425233425,0.8655207508023752
0.8,0.05,3,3,200,0.0,3.0,0.8,3.176864611977025,3.869021947697597,5.169923868738446,0.8654512480000878
0.8,0.02,3,3,400,0.0,1.0,0.8,3.2208504004227487,3.869642763786773,5.261375131135749,0.865408065649258
1.0,0.02,4,3,200,0.0,3.0,1.0,3.0147217238576784,3.874111180165233,5.082721085837013,0.8650970498386797
0.8,0.05,2,1,400,0.0,1.0,1.0,3.0929989383095187,3.8747800173793303,5.0018000473781,0.865050465784801
1.0,0.02,3,1,200,0.1,3.0,1.0,2.8978419133236533,3.875293663818936,4.875783601417914,0.8650146852027796
1.0,0.05,3,3,200,0.0,3.0,1.0,3.0656964633339325,3.8779550341614035,5.05787075506368,0.8648292183446333
0.8,0.05,4,3,200,0.1,1.0,1.0,3.1007157375938013,3.8793494550717322,5.105218665300142,0.8647319924355588
0.8,0.02,3,3,400,0.1,3.0,0.8,3.2246975748162523,3.8816222481489393,5.26445888483547,0.8645734471673444
0.8,0.05,3,3,400,0.0,1.0,1.0,3.0383812753777755,3.881920625760424,5.046358931714904,0.864552626076646
1.0,0.02,3,1,200,0.0,1.0,0.8,3.1230377759431533,3.885525603351406,5.145361768184068,0.8643009406252035
1.0,0.05,2,3,400,0.0,1.0,0.8,3.2287974468030427,3.8868034132821148,5.219642653819085,0.8642116728475663
0.8,0.02,3,3,400,0.1,1.0,0.8,3.2380142292223475,3.8872916045775554,5.282942183767464,0.8641775600636569
0.8,0.02,3,1,200,0.1,3.0,0.8,3.087497225309673,3.8919619943311514,5.129110661509954,0.8638509960377199
0.8,0.05,2,1,400,0.1,1.0,1.0,3.1003896131013566,3.8926013873028382,5.0251870849613,0.8638062577452532
0.8,0.02,3,3,400,0.0,3.0,0.8,3.240131839952971,3.897532763829332,5.289061695976885,0.8634609626676037
0.8,0.05,2,3,400,0.1,3.0,0.8,3.262890271638569,3.897670038508213,5.278152873413217,0.8634513444379599
0.8,0.02,3,1,200,0.0,3.0,0.8,3.089282555831106,3.900051805781615,5.133210972493422,0.8632844106109037
1.0,0.05,2,1,400,0.0,1.0,1.0,3.0614432003623557,3.900819962922,5.001702923640701,0.8632305500963579
1.0,0.05,4,3,200,0.0,3.0,1.0,3.0473908394261406,3.9016772174111627,5.033180010505716,0.8631704298605127
0.8,0.02,3,3,200,0.0,1.0,0.8,3.2187378250925165,3.903560365476907,5.306946382421779,0.8630383161522812
0.8,0.05,4,1,200,0.0,3.0,0.8,3.129234928331877,3.9060522443965797,5.093223039407685,0.8628633984697194
0.8,0.05,2,1,400,0.1,1.0,0.8,3.204413271452251,3.9068172085109496,5.222205027084524,0.8628096793463347
1.0,0.02,4,3,400,0.1,3.0,1.0,3.05595304790296,3.9088625056267343,5.070926314018962,0.8626659979808078
1.0,0.05,2,1,400,0.1,1.0,1.0,3.0812164828651825,3.9093524599822382,5.017554969019291,0.8626315677037628
1.0,0.02,3,3,400,0.0,1.0,0.8,3.281479769254985,3.909604527249761,5.289474422206076,0.8626138526463266
1.0,0.05,4,3,200,0.1,3.0,1.0,3.0527077484130856,3.9119935628654807,5.032255810801129,0.8624458966909885
1.0,0.05,2,3,400,0.1,1.0,0.8,3.2460939226652443,3.9127180815809925,5.229595739352915,0.8623949407017064
0.8,0.02,3,3,200,0.0,3.0,1.0,2.9955054112484576,3.915944481401761,5.025469515799719,0.8621679108077919
1.0,0.02,3,1,200,0.1,1.0,0.8,3.1718299624794404,3.9171457395007927,5.207030940214149,0.8620833348850647
0.8,0.05,3,3,400,0.1,1.0,1.0,3.1126718019184314,3.91835700902173,5.107680982496793,0.8619980278311743
1.0,0.05,3,3,400,0.0,1.0,1.0,3.0776707980507294,3.920876293910626,5.09005153362307,0.8618205156507726
0.8,0.02,3,3,200,0.1,1.0,0.8,3.234399968197471,3.9223502539203934,5.325688981167306,0.8617166055544232
0.8,0.05,2,1,400,0.0,1.0,0.8,3.2356481130499586,3.9279932174611947,5.2626039954749535,0.8613184312866773
1.0,0.02,3,3,400,0.1,3.0,0.8,3.2477609574167348,3.928810008395274,5.275197106649826,0.8612607501151899
0.8,0.02,3,3,400,0.1,1.0,1.0,3.1442255441766034,3.93521034869452,5.187168719197832,0.8608083476301935
1.0,0.02,3,1,200,0.0,3.0,1.0,2.944127542596114,3.935433916491253,4.942784492829552,0.8607925316243139
0.8,0.02,3,3,200,0.1,3.0,0.8,3.167302274202046,3.9361527698328316,5.277713024216872,0.8607416712132906
1.0,0.02,3,3,400,0.0,3.0,0.8,3.2579677822715354,3.9386702228100985,5.289115290727729,0.8605634828022684
1.0,0.02,3,3,400,0.1,1.0,0.8,3.302047311883223,3.938759085690424,5.32577117727317,0.8605571908968193
1.0,0.02,4,3,200,0.1,3.0,1.0,3.050647237677323,3.9408369549232907,5.147377654489191,0.8604100276188287
0.8,0.02,3,3,200,0.0,3.0,0.8,3.1838478208843033,3.9476170475996666,5.30365837138266,0.8599292936452434
0.8,0.05,4,1,200,0.1,3.0,0.8,3.17857352005808,3.9510589075518565,5.149735052711225,0.8596849366481585
0.8,0.02,3,3,200,0.1,3.0,1.0,3.044917184930098,3.9518418081660487,5.119149305611146,0.859629324400664
0.8,0.05,3,3,200,0.1,1.0,0.8,3.281177315962942,3.953131266410056,5.321175979595974,0.8595377055234327
0.8,0.05,3,3,200,0.1,3.0,0.8,3.2746738594456724,3.955929943352631,5.3065669508337185,0.8593387504613165
1.0,0.02,3,3,400,0.0,3.0,1.0,3.1308318449321546,3.9595547128650845,5.193549583842907,0.8590808600499479
1.0,0.02,3,3,200,0.1,3.0,0.8,3.139426289608604,3.961380278223595,5.236186859975398,0.8589508876548136
0.8,0.05,2,1,400,0.1,3.0,1.0,3.226243804128546,3.963213165636119,5.212442079941428,0.8588203336896565
1.0,0.02,3,1,200,0.0,3.0,0.8,3.1132067228618414,3.9658153161752363,5.176644579836274,0.8586348824747735
1.0,0.02,3,3,200,0.0,1.0,0.8,3.29569082159745,3.9698968846103266,5.36442430635281,0.8583437502501373
0.8,0.05,2,1,400,0.0,3.0,1.0,3.283372710378546,3.973002540741792,5.270533113599646,0.8581220277749598
0.8,0.05,2,3,400,0.0,3.0,0.8,3.3371411454050164,3.9761001012907076,5.38220022859926,0.8579007105600325
1.0,0.02,3,3,200,0.0,3.0,0.8,3.161607324700606,3.9769011252369415,5.266499050447586,0.8578434502314427
1.0,0.02,3,1,200,0.1,3.0,0.8,3.125696266575863,3.9775235062817518,5.199923909104944,0.8577989520343027
0.8,0.05,3,3,200,0.0,1.0,0.8,3.289867296720806,3.9794987670314934,5.3351617496773756,0.8576576812699659
1.0,0.02,3,3,200,0.1,1.0,0.8,3.2963678299753285,3.982092796254731,5.376549584994971,0.8574720496111183
1.0,0.02,3,3,400,0.1,3.0,1.0,3.1406378976922285,3.9868262097603733,5.214800402640591,0.8571330094501521
1.0,0.05,2,1,400,0.0,3.0,1.0,3.2181576899478306,3.9891676197265467,5.199723611325046,0.8569651524106934
1.0,0.05,3,3,400,0.1,1.0,1.0,3.150000068263003,3.9937377230736177,5.190224875471759,0.8566372351419635
1.0,0.02,3,3,200,0.0,3.0,1.0,3.1102095473440072,4.002135661546265,5.251960872585042,0.8560336814872864
0.8,0.02,3,3,200,0.1,1.0,1.0,3.207147770931846,4.008255654902884,5.347131907584605,0.855593043464085
1.0,0.05,2,3,400,0.1,3.0,0.8,3.3804143443860504,4.01691580982014,5.427829011675875,0.8549683639434124
1.0,0.05,2,1,200,0.1,1.0,0.8,3.3872899346602585,4.026442762129703,5.492505192937455,0.8542796026890271
0.8,0.05,2,1,200,0.1,3.0,0.8,3.37203558670847,4.029083193552746,5.455003554828575,0.8540884210938159
0.8,0.05,2,3,400,0.0,3.0,1.0,3.3075151262785254,4.032741189330199,5.335452672883732,0.8538233552183583
0.8,0.05,2,1,200,0.0,3.0,0.8,3.3896049780594675,4.03621134531768,5.469006995230254,0.8535716782666452
1.0,0.05,2,3,400,0.0,3.0,0.8,3.3887227550305816,4.0399189005396305,5.441521219789652,0.8533025444750795
1.0,0.02,3,3,200,0.1,3.0,1.0,3.1353622275904605,4.041728975805102,5.297775124598734,0.8531710601913213
1.0,0.05,2,1,400,0.1,3.0,1.0,3.255557082326788,4.042482968064916,5.265227709813096,0.8531162726431314
0.8,0.02,3,3,400,0.0,1.0,1.0,3.2751480624550267,4.043265009209701,5.365799607825611,0.8530594361739418
0.8,0.05,2,3,400,0.0,1.0,1.0,3.309726020411441,4.0511134035044645,5.323405592813091,0.8524884289476968
1.0,0.05,2,1,200,0.0,1.0,0.8,3.444493026733398,4.066952487695671,5.566110779978895,0.8513326895277896
0.8,0.05,2,3,200,0.1,3.0,0.8,3.4239786127993934,4.074329129723214,5.528292433509307,0.8507928946320648
1.0,0.02,3,3,400,0.1,1.0,1.0,3.288720530459755,4.075641596713005,5.4131878701491365,0.8506967507342379
0.8,0.05,2,3,400,0.1,3.0,1.0,3.385537004972759,4.0793889482200685,5.454630440472266,0.8504220705616047
1.0,0.02,3,3,400,0.0,1.0,1.0,3.327221667641087,4.0797221757001205,5.439406720329172,0.8503976328269935
1.0,0.05,3,3,200,0.0,1.0,1.0,3.288709588301809,4.088247761424243,5.416827675035655,0.8497717174179219
0.8,0.02,3,3,200,0.0,1.0,1.0,3.3385845706337376,4.10598227252553,5.518138106966602,0.8484655325166761
0.8,0.05,2,3,200,0.0,3.0,0.8,3.463353516428094,4.112304553390081,5.5868574517232945,0.8479985158637983
0.8,0.05,3,3,200,0.0,1.0,1.0,3.280828275178608,4.113969651368991,5.40079983918136,0.8478753982293443
1.0,0.05,2,3,400,0.0,3.0,1.0,3.3177513483950962,4.116751643829543,5.370286616670607,0.8476695860213372
1.0,0.02,3,3,200,0.1,1.0,1.0,3.353970449347245,4.118562835995304,5.5538733071765245,0.8475355189858584
0.8,0.05,2,3,400,0.1,1.0,1.0,3.3650006063360913,4.118628189197613,5.414201344767615,0.8475306803460105
1.0,0.02,3,3,200,0.0,1.0,1.0,3.3950774263080796,4.119173679842264,5.584209721509956,0.8474902901522858
0.8,0.05,2,3,400,0.0,1.0,0.8,3.4362786021985503,4.119812806918582,5.562752324732662,0.8474429599572237
0.8,0.05,3,3,200,0.1,1.0,1.0,3.3267994288394327,4.130558860913422,5.4335388136797445,0.8466460673114091
1.0,0.05,3,3,200,0.1,1.0,1.0,3.329809638575503,4.132918530060287,5.4638076503968644,0.8464708039065806
0.8,0.02,2,1,400,0.1,1.0,1.0,3.382160419664884,4.1349013789887215,5.497030834940428,0.8463234512661979
0.8,0.05,2,3,400,0.1,1.0,0.8,3.4648825073242184,4.144421307870449,5.594855849918868,0.8456150068188252
1.0,0.05,2,3,200,0.0,1.0,0.8,3.5001988501297796,4.154089380394563,5.601651824951779,0.8448938705401974
1.0,0.05,2,3,200,0.1,1.0,0.8,3.5162142422324734,4.1658919041666485,5.606250009610076,0.8440112490035345
0.8,0.02,2,1,400,0.0,3.0,1.0,3.343071819104646,4.166963350629439,5.479591846868176,0.8439309996392705
1.0,0.05,2,3,400,0.1,1.0,1.0,3.315920827765213,4.169434689528219,5.349659599969665,0.8437458222166988
1.0,0.02,2,1,400,0.1,1.0,0.8,3.489064451518811,4.1724330592650345,5.649559317492972,0.8435210069637658
1.0,0.05,2,3,400,0.0,1.0,1.0,3.3244416327225528,4.180716338074056,5.3779648468370755,0.84289909370511
0.8,0.05,2,1,200,0.1,3.0,1.0,3.390625232897306,4.182325128301231,5.507853324040572,0.8427781617827059
1.0,0.05,2,1,200,0.0,3.0,0.8,3.501262648733038,4.183726934229898,5.652332087160794,0.8426727508290369
1.0,0.05,2,3,400,0.1,3.0,1.0,3.36362598619963,4.192464916134737,5.438757943426705,0.8420148884607581
1.0,0.05,2,1,200,0.1,3.0,0.8,3.504608037848221,4.195456060676291,5.668720711861209,0.8417893767926359
0.8,0.02,2,1,400,0.0,1.0,1.0,3.418987205906918,4.203830600461814,5.556060026524342,0.8411571387258814
1.0,0.02,2,1,400,0.0,1.0,0.8,3.536648483276367,4.219871409646258,5.718565201337332,0.8399426134568891
0.8,0.05,2,1,200,0.0,1.0,1.0,3.392246579621967,4.233328090073958,5.480068017783666,0.8389201769577168
0.8,0.02,2,1,400,0.0,1.0,0.8,3.5524618329499895,4.2347804897157335,5.7325649437762545,0.8388096292253926
1.0,0.05,2,3,200,0.1,3.0,0.8,3.5783680203086456,4.23570518542674,5.729967645014463,0.8387392273152193
0.8,0.02,2,1,400,0.1,3.0,1.0,3.4141355133056632,4.23598355071827,5.579520334273858,0.8387180309027811
0.8,0.02,2,1,400,0.1,1.0,0.8,3.5441697853489926,4.236632552317467,5.7195699097037185,0.8386686065964251
0.8,0.05,2,1,200,0.1,1.0,0.8,3.5265708802875717,4.237862714526289,5.714935455380387,0.8385749035933439
0.8,0.05,2,1,200,0.0,3.0,1.0,3.4838534224660775,4.23847308250271,5.615607318448712,0.8385284009992356
1.0,0.05,2,3,200,0.0,3.0,0.8,3.564526190506785,4.2388283531187625,5.70600886058025,0.8385013306285803
1.0,0.02,2,1,200,0.1,1.0,0.8,3.4412432299162212,4.242600610269181,5.702656122046696,0.8382137579606455
1.0,0.02,2,3,200,0.0,1.0,0.8,3.457920684814453,4.247777044782711,5.7277493197861595,0.837818723466498
0.8,0.05,2,1,200,0.1,1.0,1.0,3.404995799817536,4.254802204566567,5.506472686097848,0.8372818348668665
0.8,0.05,2,1,200,0.0,1.0,0.8,3.5498331049868934,4.258467422334896,5.747519640670587,0.8370013732336394
1.0,0.02,2,3,200,0.1,1.0,0.8,3.4725688211541423,4.263712495371229,5.747661026950723,0.8365996013641727
0.8,0.02,2,1,400,0.0,3.0,0.8,3.6049358046682256,4.272142502565905,5.837798415263422,0.8359528277986996
0.8,0.02,2,1,200,0.1,1.0,1.0,3.380356369018554,4.285997826760559,5.636003043582904,0.8348870335246489
1.0,0.02,2,1,200,0.0,1.0,0.8,3.4902629932604334,4.289282288549517,5.775060892799936,0.8346338765970795
1.0,0.05,2,1,200,0.1,1.0,1.0,3.445966792859528,4.291794670482914,5.5942677835064,0.8344400984736521
0.8,0.02,2,1,400,0.1,3.0,0.8,3.6203668574282997,4.294307772684816,5.861522277821948,0.834246151278298
0.8,0.05,2,3,200,0.0,3.0,1.0,3.537584437320107,4.306049451667604,5.718321994625511,0.833338489640909
0.8,0.02,2,3,400,0.1,3.0,1.0,3.5308549097964637,4.31080557940739,5.744932138660791,0.8329701236020592
1.0,0.02,2,1,400,0.1,3.0,0.8,3.6034086970279096,4.310986519606271,5.849527989942857,0.8329561016041889
1.0,0.02,2,1,400,0.1,1.0,1.0,3.4724122418855368,4.3121281844448,5.650094789663748,0.8328676144810038
0.8,0.05,2,3,200,0.1,3.0,1.0,3.567497787475585,4.3137816179136355,5.75569096028016,0.8327394201193449
1.0,0.02,2,1,400,0.0,3.0,0.8,3.593477257176449,4.31390468494466,5.833552936516795,0.832729876494554
1.0,0.05,2,1,200,0.0,3.0,1.0,3.514284607736687,4.325765769429387,5.680653778957865,0.8318087932887126
0.8,0.02,2,1,200,0.0,1.0,1.0,3.387705584074321,4.327215179387126,5.6508400979603435,0.8316960646466782
0.8,0.02,2,1,200,0.1,1.0,0.8,3.4952141932437293,4.329907300577474,5.768439012057307,0.831486583252536
0.8,0.02,2,1,200,0.0,1.0,0.8,3.501327345998664,4.330109892698817,5.780111363149272,0.8314708137282112
0.8,0.02,2,3,400,0.0,3.0,1.0,3.5512831155877365,4.334681709957498,5.773637318180045,0.8311147528391828
0.8,0.02,2,3,200,0.1,1.0,1.0,3.449873504638672,4.342707782444719,5.743165467415054,0.8304887598685474
0.8,0.02,2,1,200,0.0,3.0,0.8,3.511776781584087,4.345664057774498,5.847853077028908,0.8302578935563416
1.0,0.02,2,3,400,0.1,1.0,0.8,3.6522399340177842,4.345959448900724,5.857627212613892,0.8302348167536084
1.0,0.02,2,3,400,0.0,1.0,0.8,3.6555814080489313,4.347033785059664,5.8645445416024735,0.8301508733021703
1.0,0.02,2,1,200,0.1,1.0,1.0,3.3888720783434407,4.348714841462168,5.6616813846967835,0.8300194820204919
0.8,0.02,2,1,200,0.0,3.0,1.0,3.347727086920487,4.35033035842626,5.632579553498678,0.8298931654292465
0.8,0.02,2,1,200,0.1,3.0,0.8,3.5177225895931845,4.358812907743265,5.862072497014998,0.8292291485561029
1.0,0.02,2,3,200,0.1,3.0,0.8,3.5123217693128086,4.35968687562805,5.88616788951639,0.8291606605500526
0.8,0.02,2,3,400,0.0,1.0,0.8,3.6831388051886305,4.361165778271271,5.897137893415144,0.8290447358926449
1.0,0.05,2,1,200,0.1,3.0,1.0,3.5382960189016233,4.361648937782271,5.711368935151269,0.829006854628126
1.0,0.05,2,1,200,0.0,1.0,1.0,3.5023138467889083,4.362924392549321,5.671340245609498,0.828906834698246
1.0,0.02,2,3,200,0.1,3.0,1.0,3.388859228836862,4.366697665667993,5.7061675153444185,0.8286107670387459
1.0,0.02,2,1,400,0.0,1.0,1.0,3.5148030050177312,4.367335550404838,5.7187560051977835,0.8285606904960956
1.0,0.02,2,1,200,0.0,3.0,1.0,3.3855654385215352,4.368311984992072,5.693455368029659,0.8284840222471052
1.0,0.02,2,1,200,0.1,3.0,1.0,3.3821640335886096,4.369225896397713,5.692543072170022,0.8284122477007653
1.0,0.02,2,3,400,0.1,3.0,0.8,3.68550502174779,4.371472675588723,5.958766032370138,0.8282357318038915
0.8,0.05,2,3,200,0.0,1.0,1.0,3.5725741456684306,4.372623275016376,5.73044098853254,0.8281453010075313
0.8,0.02,2,3,200,0.0,1.0,0.8,3.5517275278191818,4.372861509879357,5.847066111438036,0.8281265740816502
0.8,0.02,2,3,400,0.0,3.0,0.8,3.719453116969058,4.373364731585272,6.0064032426651774,0.8280870139835381
0.8,0.02,2,3,200,0.0,3.0,1.0,3.3923409431859057,4.373440468153914,5.71252897644434,0.8280810596608579
0.8,0.02,2,3,200,0.0,3.0,0.8,3.561358409680818,4.375483474684635,5.936146499401427,0.827920401909839
0.8,0.02,2,3,400,0.1,3.0,0.8,3.712051700792814,4.375529427351533,5.997207624226469,0.8279167874256246
0.8,0.02,2,1,200,0.1,3.0,1.0,3.367664068121659,4.376988320469636,5.669795189600772,0.8278020160035295
1.0,0.02,2,3,200,0.0,3.0,1.0,3.399463083367598,4.378138747112886,5.7214048723321955,0.8277114847212067
1.0,0.02,2,1,200,0.1,3.0,0.8,3.5120817445453847,4.378418501028304,5.8676233216659845,0.8276894662656926
1.0,0.02,2,3,200,0.0,3.0,0.8,3.5375666327225535,4.378746709619225,5.920634017756602,0.8276636323180625
1.0,0.02,2,1,200,0.0,1.0,1.0,3.413507393284847,4.37995237075293,5.700359987149304,0.8275687157222449
0.8,0.02,2,3,200,0.1,3.0,1.0,3.4144918863396887,4.380994286785485,5.738655989733807,0.8274866690362119
1.0,0.05,2,3,200,0.0,3.0,1.0,3.5686173408909845,4.3811784092957575,5.760065361845607,0.8274721681019737
0.8,0.02,2,3,400,0.1,1.0,0.8,3.695109525981702,4.381351836471336,5.9113347761690545,0.8274585089427224
1.0,0.02,2,1,200,0.0,3.0,0.8,3.5039946867290297,4.386644719253627,5.8528970423119775,0.8270413803754147
0.8,0.05,2,3,200,0.0,1.0,0.8,3.693146161531147,4.389275745580746,5.94093894870675,0.826833843554609
1.0,0.02,2,3,400,0.0,3.0,0.8,3.704408553274054,4.39122214285282,5.987027624289929,0.826680230573578
0.8,0.02,2,3,200,0.1,3.0,0.8,3.5590836454692636,4.391519847023699,5.935561876785127,0.8266567292495153
1.0,0.02,2,1,400,0.1,3.0,1.0,3.580689211393657,4.397552525707169,5.816192105326638,0.8261801550555071
0.8,0.02,2,3,200,0.1,1.0,0.8,3.575077992489463,4.401505220150683,5.8819097727657494,0.8258675422973086
0.8,0.02,2,3,400,0.1,1.0,1.0,3.6504922485351554,4.403322292683917,5.880918655300273,0.8257237384837424
1.0,0.02,2,1,400,0.0,3.0,1.0,3.5910014825118215,4.403916247952698,5.825789566895516,0.8256767197655323
0.8,0.02,2,3,200,0.0,1.0,1.0,3.4729419828716077,4.404069043745438,5.77879766032442,0.8256646231113871
0.8,0.05,2,3,200,0.1,1.0,0.8,3.7147262051230983,4.410684753578519,5.963986627130315,0.8251404630549791
1.0,0.02,2,3,200,0.1,1.0,1.0,3.488828791568154,4.4273239557230815,5.801165681763126,0.8238186677337973
0.8,0.05,2,3,200,0.1,1.0,1.0,3.6226900321558895,4.429103600281092,5.8082282651697845,0.8236770005917714
1.0,0.02,2,3,200,0.0,1.0,1.0,3.4876519574617086,4.4314480614435965,5.801949260054527,0.823490284782199
0.8,0.02,2,3,400,0.0,1.0,1.0,3.6526548807244543,4.43251585148656,5.882157195916606,0.8234052119026165
1.0,0.05,2,3,200,0.1,1.0,1.0,3.5776013304057863,4.439347879364951,5.774516133794849,0.822860406030936
1.0,0.05,2,3,200,0.0,1.0,1.0,3.5900709332917864,4.450984643418843,5.79883252418932,0.8219305247163061
1.0,0.05,2,3,200,0.1,3.0,1.0,3.6464814959074316,4.461493257553976,5.87765422366798,0.8210887009187513
1.0,0.02,2,3,400,0.0,3.0,1.0,3.6312949250873765,4.465486872566064,5.888169124190426,0.8207682599385997
1.0,0.02,2,3,400,0.1,3.0,1.0,3.6364587803890824,4.471736440371732,5.894622629186808,0.8202662296946628
1.0,0.02,2,3,400,0.1,1.0,1.0,3.646930325156763,4.495909289898254,5.887930213367974,0.818317805208587
1.0,0.02,2,3,400,0.0,1.0,1.0,3.6512205545525793,4.510505677517247,5.901998454025816,0.8171361939288989
