Provinsi,Tahun,APS 7-12,APS 13-15,APS 16-18,APS 19-23,Tingkat Pengangguran Terbuka (persen),Angkatan Kerja Terhadap Penduduk Usia Kerja (TPAK) (persen),Garis Kemiskinan (Rupiah/Kapita/Bulan),Penduduk Miskin (persen),Indeks Pembangunan Manusia (IPM),Rata-rata Lama Sekolah (Tahun),Harapan Lama Sekolah (Tahun),Indeks Ketahanan Pangan,Luas Panen Tanaman Padi (ha) (Ha),Produktivitas Tanaman Padi (ku/ha) (Ku/ha),Rekap Produksi Padi (ton) (Ton),Produk Domestik Regional Bruto per Kapita (ribu rupiah),Rata-rata Pengeluaran per Kapita Sebulan Makanan (rupiah),Persentase Rumah Tangga yang Memiliki Akses terhadap Sumber Air Minum Layak (persen),Persentase Rumah Tangga menurut Provinsi dan Sumber Penerangan Utama dari Listrik,Prevalence of Undernourishment (Percent),cluster,cluster_name,province_map,ikp_lag1,ikp_lag2,ikp_roll2,ikp_delta1,year_index
ACEH,2023,99.43,97.72,83.41,35.24,5.89,64.945,634889.5,14.45,73.4,9.55,14.38,72.96,254287.4,55.22,1404235.0,41408.0,702547.0,89.74,99.86,944.0,4,Ketahanan Tinggi Berbasis Pendidikan dan Produktivitas,ACEH,70.16,71.63,70.895,2.799999999999997,2
ACEH,2024,99.42,97.77,81.55,34.81,5.655,64.63,672333.3,13.0,74.03,9.64,14.39,67.9,301196.4,55.11,1659966.0,41408.0,722434.0,90.08,99.86,91.0,4,Ketahanan Tinggi Berbasis Pendidikan dan Produktivitas,ACEH,72.96,70.16,71.56,-5.059999999999988,3
ACEH,2025,99.38,97.65,80.94,34.95,5.57,65.475,705310.8,12.0,76.23,9.95,14.4,70.0,301196.4,55.11,1659966.0,41408.0,741980.0,92.06,99.97,86.0,4,Ketahanan Tinggi Berbasis Pendidikan dan Produktivitas,ACEH,67.9,72.96,70.43,2.0999999999999943,4
BALI,2023,99.61,97.95,84.73,34.31,3.21,77.135,517167.0,4.25,77.1,9.45,13.58,87.65,108514.1,62.07,673580.7,62299.0,729755.0,98.31,99.9,377.0,4,Ketahanan Tinggi Berbasis Pendidikan dan Produktivitas,BALI,85.19,83.82,84.505,2.460000000000008,2
BALI,2024,99.65,98.79,85.17,35.39,1.83,77.24,558569.0,3.9,77.76,9.54,13.62,77.02,103803.9,61.22,635473.4,62299.0,804982.0,98.32,99.96,32.0,4,Ketahanan Tinggi Berbasis Pendidikan dan Produktivitas,BALI,87.65,85.19,86.42,-10.63000000000001,3
BALI,2025,99.57,98.88,90.68,34.32,1.535,77.355,603775.5,3.57,79.37,9.75,13.63,79.89,103803.9,61.22,635473.4,62299.0,827210.0,98.75,99.98,336.0,4,Ketahanan Tinggi Berbasis Pendidikan dan Produktivitas,BALI,77.02,87.65,82.33500000000001,2.8700000000000045,4
BANTEN,2023,99.43,96.65,69.64,24.85,7.745,65.19,599323.5,6.17,73.87,9.15,13.09,78.71,311199.7,54.19,1686483.0,66147.0,847452.0,92.95,99.79,287.0,5,Ketahanan Tinggi dengan Tekanan Ketenagakerjaan,BANTEN,73.78,74.38,74.08,4.929999999999993,2
BANTEN,2024,99.52,96.67,71.91,26.04,6.85,65.56,636465.5,5.77,74.48,9.23,13.1,76.97,299090.8,51.84,1550623.0,66147.0,873268.0,94.01,99.84,255.0,5,Ketahanan Tinggi dengan Tekanan Ketenagakerjaan,BANTEN,78.71,73.78,76.245,-1.7399999999999949,3
BANTEN,2025,99.52,97.11,73.84,24.45,6.665,65.24,672989.5,5.57,77.25,9.56,13.11,77.78,299090.8,51.84,1550623.0,66147.0,870648.0,96.03,99.86,288.0,5,Ketahanan Tinggi dengan Tekanan Ketenagakerjaan,BANTEN,76.97,78.71,77.84,0.8100000000000023,4
BENGKULU,2023,99.42,97.91,79.57,34.05,3.315,71.815,654021.5,14.04,72.78,9.03,13.74,72.27,57877.18,49.53,286684.4,46301.0,679166.0,73.08,99.69,925.0,-1,Outlier dan Tipologi Heterogen,BENGKULU,67.99,70.32,69.155,4.280000000000001,2
BENGKULU,2024,99.51,97.93,79.07,35.13,3.14,71.315,690657.0,13.04,73.39,9.04,13.75,65.89,55775.09,48.92,272848.6,46301.0,724415.0,72.1,99.88,986.0,-1,Outlier dan Tipologi Heterogen,BENGKULU,72.27,67.99,70.13,-6.3799999999999955,3
BENGKULU,2025,99.29,97.01,80.48,34.18,3.325,71.64,717305.8,11.98,75.68,9.23,13.76,69.89,55775.09,48.92,272848.6,46301.0,740786.0,70.47,99.99,95.0,-1,Outlier dan Tipologi Heterogen,BENGKULU,65.89,72.27,69.08,4.0,4
DI YOGYAKARTA,2023,99.63,98.88,91.17,55.8,3.635,73.755,549433.5,11.04,81.07,9.83,15.66,83.17,105693.7,50.53,534113.7,48373.0,722132.0,96.69,100.0,1008.0,4,Ketahanan Tinggi Berbasis Pendidikan dan Produktivitas,DI YOGYAKARTA,80.88,81.43,81.155,2.2900000000000063,2
DI YOGYAKARTA,2024,99.65,98.9,90.36,54.17,3.36,73.98,581607.3,11.0,81.55,9.92,15.7,75.69,96976.13,46.7,452831.8,48373.0,748182.0,96.91,100.0,905.0,4,Ketahanan Tinggi Berbasis Pendidikan dan Produktivitas,DI YOGYAKARTA,83.17,80.88,82.025,-7.480000000000004,3
DI YOGYAKARTA,2025,99.61,99.6,93.03,54.72,3.32,74.235,608897.0,10.0,82.48,10.2,15.78,77.44,96976.13,46.7,452831.8,48373.0,766284.0,97.33,100.0,841.0,4,Ketahanan Tinggi Berbasis Pendidikan dan Produktivitas,DI YOGYAKARTA,75.69,83.17,79.43,1.75,4
DKI JAKARTA,2023,99.49,98.17,72.5,28.43,7.05,64.14,792515.0,4.44,82.46,11.45,13.33,83.8,542.93,49.26,2674.28,322651.0,1055896.0,99.42,99.98,257.0,2,Ketahanan Tinggi Berbasis Kapasitas Ekonomi,DKI JAKARTA,78.25,78.01,78.13,5.549999999999997,2
DKI JAKARTA,2024,99.25,98.36,79.95,32.98,6.12,65.135,835686.5,4.22,83.08,11.49,13.51,71.23,498.31,46.29,2306.54,322651.0,1108228.0,99.96,100.0,353.0,2,Ketahanan Tinggi Berbasis Kapasitas Ekonomi,DKI JAKARTA,83.8,78.25,81.025,-12.569999999999993,3
DKI JAKARTA,2025,99.32,98.74,88.22,34.21,6.115,65.075,875268.0,4.0,85.05,11.59,13.8,71.52,498.31,46.29,2306.54,322651.0,1153404.0,99.98,100.0,322.0,2,Ketahanan Tinggi Berbasis Kapasitas Ekonomi,DKI JAKARTA,71.23,83.8,77.515,0.28999999999999204,4
GORONTALO,2023,98.69,91.85,71.7,35.5,3.065,70.69,441905.0,15.15,70.45,8.1,13.16,81.63,49610.47,50.68,251431.8,42341.0,590966.0,96.0,99.26,151.0,6,Ketahanan Menengah dengan Kapasitas Dasar Relatif Stabil,GORONTALO,80.35,80.52,80.435,1.2800000000000011,2
GORONTALO,2024,98.79,91.35,72.7,34.43,3.09,70.215,480262.8,14.22,71.23,8.29,13.17,67.95,46952.15,50.02,234862.9,42341.0,620823.0,96.13,99.7,1599.0,6,Ketahanan Menengah dengan Kapasitas Dasar Relatif Stabil,GORONTALO,81.63,80.35,80.99,-13.679999999999993,3
GORONTALO,2025,98.85,92.35,72.0,35.02,3.27,68.405,507630.0,12.93,72.62,8.38,13.18,69.75,46952.15,50.02,234862.9,42341.0,650308.0,95.95,99.67,1532.0,6,Ketahanan Menengah dengan Kapasitas Dasar Relatif Stabil,GORONTALO,67.95,81.63,74.78999999999999,1.7999999999999972,4
JAMBI,2023,99.49,96.01,72.46,25.79,4.515,68.315,625921.5,7.58,72.77,8.81,13.13,72.17,61236.64,45.06,275941.5,79873.0,720949.0,80.02,99.44,1283.0,7,Ketahanan Relatif Tinggi dengan Kesenjangan Akses Dasar,JAMBI,69.5,74.18,71.84,2.6700000000000017,2
JAMBI,2024,99.61,96.25,71.97,25.85,4.465,67.98,679293.5,7.18,73.43,8.9,13.14,74.25,61625.68,45.6,281022.1,79873.0,773667.0,82.16,99.58,1058.0,7,Ketahanan Relatif Tinggi dengan Kesenjangan Akses Dasar,JAMBI,72.17,69.5,70.83500000000001,2.0799999999999983,3
JAMBI,2025,99.45,95.59,74.39,25.23,4.37,67.74,713707.8,7.04,75.13,8.95,13.34,76.16,61625.68,45.6,281022.1,79873.0,775092.0,82.46,99.68,1022.0,7,Ketahanan Relatif Tinggi dengan Kesenjangan Akses Dasar,JAMBI,74.25,72.17,73.21000000000001,1.9099999999999966,4
JAWA BARAT,2023,99.4,95.75,68.58,26.45,7.665,66.62,493607.0,7.62,73.74,8.83,12.68,82.19,1583656.0,57.71,9140039.0,52651.0,761832.0,93.86,99.98,55.0,0,Ketahanan Tinggi Berbasis Produksi Pangan,JAWA BARAT,77.55,77.79,77.67,4.640000000000001,2
JAWA BARAT,2024,99.46,95.86,71.15,26.59,6.83,67.525,527108.0,7.27,74.43,8.87,12.8,72.31,1475362.0,58.47,8626880.0,52651.0,803842.0,94.9,99.99,599.0,0,Ketahanan Tinggi Berbasis Produksi Pangan,JAWA BARAT,82.19,77.55,79.87,-9.879999999999995,3
JAWA BARAT,2025,99.5,96.58,75.8,27.98,6.755,67.95,557084.0,6.9,75.9,9.14,13.02,74.95,1475362.0,58.47,8626880.0,52651.0,832486.0,95.84,100.0,523.0,0,Ketahanan Tinggi Berbasis Produksi Pangan,JAWA BARAT,72.31,82.19,77.25,2.6400000000000006,4
JAWA TENGAH,2023,99.57,97.08,70.87,26.52,5.185,72.025,477257.0,10.77,73.39,8.01,12.85,84.8,1642761.0,55.3,9084108.0,45162.0,601528.0,93.76,99.99,1044.0,0,Ketahanan Tinggi Berbasis Produksi Pangan,JAWA TENGAH,82.95,82.73,82.84,1.8499999999999943,2
JAWA TENGAH,2024,99.57,97.12,71.6,25.61,4.585,72.98,513563.3,10.0,73.88,8.02,12.86,70.78,1554777.0,57.19,8891297.0,45162.0,647311.0,95.43,99.99,863.0,0,Ketahanan Tinggi Berbasis Produksi Pangan,JAWA TENGAH,84.8,82.95,83.875,-14.019999999999996,3
JAWA TENGAH,2025,99.54,97.05,77.97,27.44,4.495,73.765,553720.3,9.0,74.77,8.15,13.05,73.73,1554777.0,57.19,8891297.0,45162.0,667536.0,95.73,100.0,861.0,0,Ketahanan Tinggi Berbasis Produksi Pangan,JAWA TENGAH,70.78,84.8,77.78999999999999,2.950000000000003,4
JAWA TIMUR,2023,99.28,97.64,74.07,28.59,4.605,72.03,505563.5,10.35,73.38,8.11,13.38,82.46,1698083.0,57.19,9710661.0,71122.0,657408.0,96.01,99.98,809.0,0,Ketahanan Tinggi Berbasis Produksi Pangan,JAWA TIMUR,79.85,79.7,79.775,2.6099999999999994,2
JAWA TIMUR,2024,99.34,97.68,76.44,28.88,3.965,73.235,539906.3,10.0,74.09,8.28,13.43,71.04,1616985.0,57.33,9270435.0,71122.0,689148.0,96.93,100.0,84.0,0,Ketahanan Tinggi Berbasis Produksi Pangan,JAWA TIMUR,82.46,79.85,81.155,-11.419999999999987,3
JAWA TIMUR,2025,99.28,97.15,80.96,28.9,3.745,74.115,568991.5,9.4,76.13,8.39,13.44,72.67,1616985.0,57.33,9270435.0,71122.0,715989.0,97.3,99.99,805.0,0,Ketahanan Tinggi Berbasis Produksi Pangan,JAWA TIMUR,71.04,82.46,76.75,1.6299999999999955,4
KALIMANTAN BARAT,2023,98.81,92.92,69.25,27.42,4.785,68.935,572339.5,6.71,69.41,7.71,12.67,72.2,224068.5,31.25,700290.8,48809.0,695043.0,82.08,97.98,1503.0,7,Ketahanan Relatif Tinggi dengan Kesenjangan Akses Dasar,KALIMANTAN BARAT,70.81,71.32,71.065,1.3900000000000006,2
KALIMANTAN BARAT,2024,99.0,93.05,69.39,26.98,4.53,69.13,613181.8,6.0,70.13,7.78,12.68,69.26,247207.7,30.94,764784.2,48809.0,735785.0,82.13,99.08,1356.0,7,Ketahanan Relatif Tinggi dengan Kesenjangan Akses Dasar,KALIMANTAN BARAT,72.2,70.81,71.505,-2.9399999999999977,3
KALIMANTAN BARAT,2025,98.95,94.36,70.95,26.84,4.525,69.27,647999.8,6.0,72.09,8.07,12.69,71.52,247207.7,30.94,764784.2,48809.0,779641.0,84.32,99.16,1375.0,7,Ketahanan Relatif Tinggi dengan Kesenjangan Akses Dasar,KALIMANTAN BARAT,69.26,72.2,70.73,2.259999999999991,4
KALIMANTAN SELATAN,2023,99.3,94.12,69.95,29.09,4.13,69.645,604010.5,4.29,72.5,8.55,12.86,81.26,214283.8,40.86,875545.7,63754.0,747955.0,76.29,99.92,448.0,7,Ketahanan Relatif Tinggi dengan Kesenjangan Akses Dasar,KALIMANTAN SELATAN,81.05,80.29,80.67,0.21000000000000796,2
KALIMANTAN SELATAN,2024,99.3,93.7,72.31,29.45,4.045,69.885,637979.3,4.0,73.03,8.62,12.87,77.62,246112.4,41.83,1029568.0,63754.0,799948.0,77.34,99.92,383.0,7,Ketahanan Relatif Tinggi dengan Kesenjangan Akses Dasar,KALIMANTAN SELATAN,81.26,81.05,81.155,-3.6400000000000006,3
KALIMANTAN SELATAN,2025,99.14,93.82,75.16,30.91,4.05,70.17,667079.3,4.0,76.1,8.81,13.12,81.98,246112.4,41.83,1029568.0,63754.0,827593.0,78.27,99.86,402.0,7,Ketahanan Relatif Tinggi dengan Kesenjangan Akses Dasar,KALIMANTAN SELATAN,77.62,81.26,79.44,4.359999999999999,4
KALIMANTAN TENGAH,2023,99.13,95.21,66.32,25.49,3.97,67.97,592024.5,5.11,72.2,8.73,12.76,68.9,101580.3,32.56,330781.1,75271.0,787550.0,77.72,98.91,937.0,7,Ketahanan Relatif Tinggi dengan Kesenjangan Akses Dasar,KALIMANTAN TENGAH,69.96,73.68,71.82,-1.059999999999988,2
KALIMANTAN TENGAH,2024,99.32,95.24,68.33,24.12,3.84,68.27,629625.8,5.0,72.73,8.81,12.77,72.5,111016.1,32.98,366146.8,75271.0,835243.0,78.71,99.26,85.0,7,Ketahanan Relatif Tinggi dengan Kesenjangan Akses Dasar,KALIMANTAN TENGAH,68.9,69.96,69.43,3.5999999999999943,3
KALIMANTAN TENGAH,2025,99.45,95.74,70.76,24.91,3.72,69.15,666635.3,5.0,74.86,8.96,12.78,73.62,111016.1,32.98,366146.8,75271.0,849309.0,80.58,99.65,82.0,7,Ketahanan Relatif Tinggi dengan Kesenjangan Akses Dasar,KALIMANTAN TENGAH,72.5,68.9,70.7,1.1200000000000045,4
KALIMANTAN TIMUR,2023,99.64,98.71,81.5,34.75,5.84,65.615,786239.0,6.11,78.2,9.99,14.02,72.29,57082.01,39.76,226972.1,215804.0,885069.0,87.9,99.88,92.0,2,Ketahanan Tinggi Berbasis Kapasitas Ekonomi,KALIMANTAN TIMUR,77.65,77.46,77.555,-5.359999999999999,2
KALIMANTAN TIMUR,2024,99.69,98.73,81.84,33.43,5.445,66.69,839281.0,6.0,78.83,10.02,14.03,77.57,63041.65,39.6,249642.9,215804.0,925954.0,89.11,99.98,74.0,2,Ketahanan Tinggi Berbasis Kapasitas Ekonomi,KALIMANTAN TIMUR,72.29,77.65,74.97,5.279999999999987,3
KALIMANTAN TIMUR,2025,99.64,97.34,84.15,33.15,5.255,66.49,875547.3,5.18,79.39,10.1,14.04,80.82,63041.65,39.6,249642.9,215804.0,956141.0,88.45,99.97,862.0,2,Ketahanan Tinggi Berbasis Kapasitas Ekonomi,KALIMANTAN TIMUR,77.57,72.29,74.93,3.25,4
KALIMANTAN UTARA,2023,99.22,96.96,77.03,30.83,4.055,68.69,808365.0,6.45,72.49,9.34,13.2,74.59,6499.92,36.31,23602.0,201789.0,801219.0,90.19,99.46,1592.0,2,Ketahanan Tinggi Berbasis Kapasitas Ekonomi,KALIMANTAN UTARA,71.04,73.02,72.03,3.549999999999997,2
KALIMANTAN UTARA,2024,98.97,96.57,78.89,30.71,3.955,67.435,853125.0,5.85,73.02,9.35,13.21,71.57,8282.06,36.32,30079.77,201789.0,833209.0,89.42,99.49,1461.0,2,Ketahanan Tinggi Berbasis Kapasitas Ekonomi,KALIMANTAN UTARA,74.59,71.04,72.815,-3.0200000000000102,3
KALIMANTAN UTARA,2025,99.14,95.96,81.93,29.25,3.875,69.37,895833.0,6.0,74.04,9.44,13.31,72.56,8282.06,36.32,30079.77,201789.0,838916.0,91.59,99.89,1448.0,2,Ketahanan Tinggi Berbasis Kapasitas Ekonomi,KALIMANTAN UTARA,71.57,74.59,73.08,0.9900000000000091,4
KEP. BANGKA BELITUNG,2023,99.51,93.2,69.53,19.38,4.225,69.335,876340.5,4.52,72.85,8.25,12.31,71.14,15284.56,43.49,66468.89,67813.0,879797.0,81.64,99.93,1335.0,7,Ketahanan Relatif Tinggi dengan Kesenjangan Akses Dasar,KEPULAUAN BANGKA BELITUNG,71.71,73.22,72.465,-0.5699999999999932,2
KEP. BANGKA BELITUNG,2024,99.66,93.52,72.69,19.74,4.24,69.765,915967.5,5.0,73.33,8.33,12.49,76.41,18202.56,42.57,77489.79,67813.0,929142.0,82.97,99.87,1066.0,7,Ketahanan Relatif Tinggi dengan Kesenjangan Akses Dasar,KEPULAUAN BANGKA BELITUNG,71.14,71.71,71.425,5.269999999999996,3
KEP. BANGKA BELITUNG,2025,99.49,92.9,76.03,21.13,4.31,68.525,977835.8,5.0,75.26,8.65,12.5,78.2,18202.56,42.57,77489.79,67813.0,915697.0,83.54,99.93,10.0,7,Ketahanan Relatif Tinggi dengan Kesenjangan Akses Dasar,KEPULAUAN BANGKA BELITUNG,76.41,71.14,73.775,1.7900000000000063,4
KEP. RIAU,2023,99.29,99.07,84.97,22.43,7.205,67.985,727713.0,5.69,77.11,10.41,13.05,65.1,115.27,28.11,324.01,154065.0,863530.0,92.1,99.79,983.0,2,Ketahanan Tinggi Berbasis Kapasitas Ekonomi,KEPULAUAN RIAU,63.83,63.26,63.545,1.269999999999996,2
KEP. RIAU,2024,99.47,98.91,85.56,26.28,6.665,68.155,779533.8,5.0,77.97,10.5,13.27,73.21,113.33,26.92,305.09,154065.0,938634.0,94.71,99.91,955.0,2,Ketahanan Tinggi Berbasis Kapasitas Ekonomi,KEPULAUAN RIAU,65.1,63.83,64.465,8.11,3
KEP. RIAU,2025,99.71,98.6,88.24,26.61,6.67,67.535,837591.5,4.35,80.53,10.72,13.28,71.96,113.33,26.92,305.09,154065.0,1063897.0,94.6,99.96,909.0,2,Ketahanan Tinggi Berbasis Kapasitas Ekonomi,KEPULAUAN RIAU,73.21,65.1,69.155,-1.25,4
LAMPUNG,2023,99.61,95.93,71.74,23.51,4.205,71.055,572594.5,11.11,71.15,8.29,12.77,81.56,530108.1,52.03,2757898.0,48188.0,627879.0,82.78,99.77,881.0,3,Ketahanan Tinggi Berbasis Produksi dan Akses,LAMPUNG,78.61,77.96,78.285,2.950000000000003,2
LAMPUNG,2024,99.5,96.07,72.35,22.53,4.155,70.96,607181.5,11.0,71.81,8.36,12.78,71.91,531715.1,52.5,2791348.0,48188.0,656937.0,84.51,99.94,1068.0,3,Ketahanan Tinggi Berbasis Produksi dan Akses,LAMPUNG,81.56,78.61,80.08500000000001,-9.650000000000006,3
LAMPUNG,2025,99.62,95.72,75.35,20.68,4.14,70.8,634998.3,9.83,73.98,8.61,12.79,73.06,531715.1,52.5,2791348.0,48188.0,663740.0,85.13,99.96,1062.0,3,Ketahanan Tinggi Berbasis Produksi dan Akses,LAMPUNG,71.91,81.56,76.735,1.1500000000000057,4
MALUKU,2023,99.59,97.97,79.9,40.27,6.195,63.71,685296.5,16.42,70.94,10.2,14.08,64.37,22636.68,35.32,79958.34,30455.0,595310.0,92.98,96.44,3027.0,8,Kerentanan Pangan dan Keterbatasan Akses,MALUKU,60.2,58.7,59.45,4.170000000000002,2
MALUKU,2024,99.49,97.83,77.7,39.58,6.035,66.135,728132.5,16.0,71.57,10.26,14.09,57.36,23947.35,38.05,91125.35,30455.0,640897.0,93.32,97.25,3166.0,8,Kerentanan Pangan dan Keterbatasan Akses,MALUKU,64.37,60.2,62.285000000000004,-7.010000000000005,3
MALUKU,2025,99.56,97.75,77.28,29.66,6.11,67.11,780074.8,15.0,74.09,10.51,14.1,57.18,23947.35,38.05,91125.35,30455.0,679006.0,92.83,98.74,3054.0,8,Kerentanan Pangan dan Keterbatasan Akses,MALUKU,57.36,64.37,60.865,-0.17999999999999972,4
MALUKU UTARA,2023,99.12,97.51,78.38,32.19,4.455,67.145,575062.5,6.46,70.21,9.26,13.74,62.34,7709.07,34.59,26663.23,64270.0,660687.0,89.01,97.32,2956.0,8,Kerentanan Pangan dan Keterbatasan Akses,MALUKU UTARA,58.39,59.58,58.985,3.950000000000003,2
MALUKU UTARA,2024,99.11,96.68,76.02,29.5,4.095,68.505,633074.8,6.0,71.03,9.37,13.75,57.3,9366.71,33.34,31232.95,64270.0,726547.0,88.92,98.72,2844.0,8,Kerentanan Pangan dan Keterbatasan Akses,MALUKU UTARA,62.34,58.39,60.365,-5.040000000000006,3
MALUKU UTARA,2025,99.04,97.08,79.62,25.38,4.405,69.28,693707.3,5.7,72.52,9.5,13.76,58.27,9366.71,33.34,31232.95,64270.0,749636.0,90.01,99.26,2783.0,8,Kerentanan Pangan dan Keterbatasan Akses,MALUKU UTARA,57.3,62.34,59.82,0.970000000000006,4
NUSA TENGGARA BARAT,2023,99.46,97.95,77.46,28.45,3.265,72.235,498572.5,13.85,70.2,7.74,13.97,76.51,287512.1,53.51,1538537.0,29926.0,711180.0,96.03,99.88,217.0,4,Ketahanan Tinggi Berbasis Pendidikan dan Produktivitas,NUSA TENGGARA BARAT,76.58,75.67,76.125,-0.06999999999999318,2
NUSA TENGGARA BARAT,2024,99.47,97.86,77.81,28.88,3.015,75.6,536861.3,12.41,70.93,7.87,13.98,75.49,281717.8,51.59,1453408.0,29926.0,730071.0,96.13,99.98,274.0,4,Ketahanan Tinggi Berbasis Pendidikan dan Produktivitas,NUSA TENGGARA BARAT,76.51,76.58,76.545,-1.0200000000000102,3
NUSA TENGGARA BARAT,2025,99.38,96.92,79.21,28.88,3.14,76.305,564968.0,11.58,73.97,8.21,13.99,74.7,281717.8,51.59,1453408.0,29926.0,762911.0,96.29,99.99,267.0,4,Ketahanan Tinggi Berbasis Pendidikan dan Produktivitas,NUSA TENGGARA BARAT,75.49,76.51,76.0,-0.789999999999992,4
NUSA TENGGARA TIMUR,2023,98.62,94.89,75.93,33.03,3.12,75.115,542969.0,19.96,66.68,7.82,13.22,71.25,184698.9,41.52,766810.5,23079.0,516672.0,88.35,95.04,1498.0,-1,Outlier dan Tipologi Heterogen,NUSA TENGGARA TIMUR,68.42,67.35,67.88499999999999,2.8299999999999983,2
NUSA TENGGARA TIMUR,2024,98.81,94.76,75.75,33.24,3.095,77.135,566945.5,19.25,67.39,8.02,13.23,56.27,168727.2,41.95,707792.5,23079.0,541265.0,88.55,96.82,1249.0,-1,Outlier dan Tipologi Heterogen,NUSA TENGGARA TIMUR,71.25,68.42,69.83500000000001,-14.979999999999997,3
NUSA TENGGARA TIMUR,2025,98.89,95.44,76.65,31.41,3.27,75.68,595715.5,18.05,69.89,8.22,13.34,58.24,168727.2,41.95,707792.5,23079.0,559895.0,89.86,98.06,1212.0,-1,Outlier dan Tipologi Heterogen,NUSA TENGGARA TIMUR,56.27,71.25,63.760000000000005,1.9699999999999989,4
PAPUA,2023,83.61,80.91,64.15,26.06,3.08,76.995,702617.5,26.03,72.41,7.15,11.15,42.27,840.18,44.76,3760.45,78055.0,866059.0,66.49,77.43,3563.0,1,Kerawanan Tinggi dan Deprivasi Multidimensi,PAPUA,37.8,35.48,36.64,4.470000000000006,2
PAPUA,2024,97.09,96.98,80.38,38.17,6.145,69.95,675155.3,18.0,73.0,9.82,13.72,57.39,1068.57,43.14,4609.95,78055.0,765393.0,85.84,96.06,2603.0,8,Kerentanan Pangan dan Keterbatasan Akses,PAPUA,42.27,37.8,40.035,15.119999999999997,3
PAPUA,2025,97.51,97.32,81.78,38.16,6.94,67.18,702153.5,18.49,74.69,10.01,13.94,57.45,1068.57,43.14,4609.95,78055.0,830864.0,87.7,96.65,2611.0,8,Kerentanan Pangan dan Keterbatasan Akses,PAPUA,57.39,42.27,49.83,0.060000000000002274,4
PAPUA BARAT,2023,98.41,97.42,80.58,35.74,5.455,68.3,734073.5,20.49,66.16,7.93,13.34,47.95,5006.27,45.08,22566.81,108110.0,773831.0,81.57,95.5,24.0,8,Kerentanan Pangan dan Keterbatasan Akses,PAPUA BARAT,45.92,46.05,45.985,2.030000000000001,2
PAPUA BARAT,2024,97.6,95.61,75.32,31.18,4.22,73.175,838689.8,21.0,67.02,7.86,13.17,56.95,5121.13,40.48,20729.15,108110.0,836642.0,82.38,96.3,2191.0,8,Kerentanan Pangan dan Keterbatasan Akses,PAPUA BARAT,47.95,45.92,46.935,9.0,3
PAPUA BARAT,2025,97.59,96.22,77.53,34.53,4.38,70.5,888751.8,20.12,68.48,8.07,13.21,58.61,5121.13,40.48,20729.15,108110.0,878045.0,82.95,96.59,2042.0,8,Kerentanan Pangan dan Keterbatasan Akses,PAPUA BARAT,56.95,47.95,52.45,1.6599999999999966,4
PAPUA BARAT DAYA,2023,98.41,97.42,80.58,35.74,5.455,68.3,734073.5,20.5,68.05,7.94,13.35,47.95,5006.27,45.08,22566.81,58450.0,810863.0,81.68,98.05,2053.0,8,Kerentanan Pangan dan Keterbatasan Akses,PAPUA BARAT DAYA,45.92,46.05,45.985,2.030000000000001,2
PAPUA BARAT DAYA,2024,99.17,95.82,81.14,37.35,6.25,67.63,774106.0,17.54,68.63,8.39,13.88,54.52,5121.13,40.48,20729.15,58450.0,810863.0,81.68,98.05,2053.0,8,Kerentanan Pangan dan Keterbatasan Akses,PAPUA BARAT DAYA,47.95,45.92,46.935,6.57,3
PAPUA BARAT DAYA,2025,98.67,96.38,81.7,35.19,6.73,68.12,830401.5,18.0,70.55,8.69,13.89,57.15,5121.13,40.48,20729.15,58450.0,857182.0,80.64,98.56,2158.0,8,Kerentanan Pangan dan Keterbatasan Akses,PAPUA BARAT DAYA,54.52,47.95,51.235,2.6299999999999955,4
PAPUA PEGUNUNGAN,2023,83.61,80.91,64.15,26.06,3.08,76.995,702617.5,26.06,52.45,7.18,11.18,42.27,840.18,44.76,3760.45,16870.0,1157571.0,30.64,73.66,2726.0,1,Kerawanan Tinggi dan Deprivasi Multidimensi,PAPUA PEGUNUNGAN,37.8,35.48,36.64,4.470000000000006,2
PAPUA PEGUNUNGAN,2024,79.98,73.12,56.09,17.84,1.25,87.875,1178114.0,31.0,53.42,4.21,9.97,34.56,1068.57,43.14,4609.95,16870.0,1157571.0,30.64,73.66,2726.0,1,Kerawanan Tinggi dan Deprivasi Multidimensi,PAPUA PEGUNUNGAN,42.27,37.8,40.035,-7.710000000000001,3
PAPUA PEGUNUNGAN,2025,82.24,71.08,50.79,12.48,1.68,89.465,1325738.0,28.62,54.91,4.3,9.98,31.96,1068.57,43.14,4609.95,16870.0,1256747.0,32.89,68.88,2872.0,1,Kerawanan Tinggi dan Deprivasi Multidimensi,PAPUA PEGUNUNGAN,34.56,42.27,38.415000000000006,-2.6000000000000014,4
PAPUA SELATAN,2023,83.61,80.91,64.15,26.06,3.08,76.995,702617.5,26.04,67.27,7.16,11.16,42.27,840.18,44.76,3760.45,58581.0,749474.0,71.9,80.61,2926.0,1,Kerawanan Tinggi dan Deprivasi Multidimensi,PAPUA SELATAN,37.8,35.48,36.64,4.470000000000006,2
PAPUA SELATAN,2024,90.47,85.51,71.68,31.73,4.4,69.495,555938.3,18.0,67.9,8.38,12.67,51.87,1068.57,43.14,4609.95,58581.0,749474.0,71.9,80.61,2926.0,1,Kerawanan Tinggi dan Deprivasi Multidimensi,PAPUA SELATAN,42.27,37.8,40.035,9.599999999999994,3
PAPUA SELATAN,2025,91.65,89.29,66.97,27.57,4.47,67.76,604296.8,19.0,69.54,8.64,12.68,53.96,1068.57,43.14,4609.95,58581.0,805371.0,71.28,83.61,2751.0,1,Kerawanan Tinggi dan Deprivasi Multidimensi,PAPUA SELATAN,51.87,42.27,47.07,2.0900000000000034,4
PAPUA TENGAH,2023,83.61,80.91,64.15,26.06,3.08,76.995,702617.5,26.05,58.93,7.17,11.17,42.27,840.18,44.76,3760.45,103508.0,887039.0,81.53,56.08,3769.0,1,Kerawanan Tinggi dan Deprivasi Multidimensi,PAPUA TENGAH,37.8,35.48,36.64,4.470000000000006,2
PAPUA TENGAH,2024,74.63,68.42,47.65,17.96,2.62,75.06,834735.8,28.68,59.75,6.12,9.63,43.91,1068.57,43.14,4609.95,103508.0,887039.0,81.53,56.08,3769.0,1,Kerawanan Tinggi dan Deprivasi Multidimensi,PAPUA TENGAH,42.27,37.8,40.035,1.6399999999999935,3
PAPUA TENGAH,2025,80.13,67.86,44.61,15.48,3.585,76.43,908026.3,29.0,60.64,6.13,9.64,41.61,1068.57,43.14,4609.95,103508.0,874847.0,83.21,67.46,323.0,1,Kerawanan Tinggi dan Deprivasi Multidimensi,PAPUA TENGAH,43.91,42.27,43.09,-2.299999999999997,4
RIAU,2023,99.65,95.89,78.15,32.32,4.24,64.815,665472.5,6.68,74.04,9.32,13.3,68.68,51914.14,39.68,205972.6,154522.0,776145.0,90.47,99.25,1233.0,2,Ketahanan Tinggi Berbasis Kapasitas Ekonomi,RIAU,67.59,66.84,67.215,1.0900000000000034,2
RIAU,2024,99.67,95.94,78.49,31.34,3.775,66.04,707375.8,7.0,74.79,9.43,13.42,69.64,56421.96,39.36,222055.7,154522.0,824229.0,92.24,99.52,1093.0,2,Ketahanan Tinggi Berbasis Kapasitas Ekonomi,RIAU,68.68,67.59,68.135,0.9599999999999937,3
RIAU,2025,99.74,95.47,77.42,33.03,4.14,65.615,737899.0,6.23,76.31,9.55,13.44,70.42,56421.96,39.36,222055.7,154522.0,844678.0,92.17,99.71,109.0,2,Ketahanan Tinggi Berbasis Kapasitas Ekonomi,RIAU,69.64,68.68,69.16,0.7800000000000011,4
SULAWESI BARAT,2023,98.31,89.47,71.57,25.42,2.655,69.335,434778.0,11.49,67.55,8.13,12.88,73.03,58606.67,49.73,291458.6,39547.0,530104.0,79.86,99.42,829.0,6,Ketahanan Menengah dengan Kapasitas Dasar Relatif Stabil,SULAWESI BARAT,74.04,75.49,74.765,-1.0100000000000051,2
SULAWESI BARAT,2024,98.49,91.24,72.09,25.32,2.85,71.515,459985.8,10.96,68.2,8.15,12.89,65.7,63181.59,50.47,318876.6,39547.0,579734.0,80.14,99.61,653.0,6,Ketahanan Menengah dengan Kapasitas Dasar Relatif Stabil,SULAWESI BARAT,73.03,74.04,73.535,-7.329999999999998,3
SULAWESI BARAT,2025,98.56,92.3,73.22,23.55,3.015,73.03,491847.8,10.0,71.16,8.31,12.9,67.08,63181.59,50.47,318876.6,39547.0,575436.0,83.0,99.68,713.0,6,Ketahanan Menengah dengan Kapasitas Dasar Relatif Stabil,SULAWESI BARAT,65.7,73.03,69.36500000000001,1.3799999999999955,4
SULAWESI SELATAN,2023,99.49,93.22,71.0,37.89,4.795,65.015,437695.5,8.7,73.46,8.76,13.54,83.36,967790.2,50.39,4876386.0,69710.0,597180.0,92.12,99.66,784.0,3,Ketahanan Tinggi Berbasis Produksi dan Akses,SULAWESI SELATAN,81.38,80.82,81.1,1.980000000000004,2
SULAWESI SELATAN,2024,99.5,93.41,73.17,37.02,4.545,66.395,465153.5,8.0,74.05,8.86,13.55,72.0,951308.6,50.65,4818429.0,69710.0,636655.0,92.23,99.73,699.0,3,Ketahanan Tinggi Berbasis Produksi dan Akses,SULAWESI SELATAN,83.36,81.38,82.37,-11.36,3
SULAWESI SELATAN,2025,99.21,94.22,75.94,33.8,4.585,66.82,497555.8,8.0,75.92,9.0,13.56,74.3,951308.6,50.65,4818429.0,69710.0,664456.0,93.25,99.86,687.0,3,Ketahanan Tinggi Berbasis Produksi dan Akses,SULAWESI SELATAN,72.0,83.36,77.68,2.299999999999997,4
SULAWESI TENGAH,2023,98.34,93.13,76.29,30.31,3.22,70.02,571065.5,12.41,70.95,8.96,13.33,75.83,177699.0,46.22,821367.4,112461.0,602468.0,86.85,98.99,1009.0,6,Ketahanan Menengah dengan Kapasitas Dasar Relatif Stabil,SULAWESI TENGAH,75.92,75.73,75.825,-0.09000000000000341,2
SULAWESI TENGAH,2024,98.47,94.12,74.16,30.38,3.045,69.815,607779.8,11.0,71.56,9.04,13.34,66.92,172606.2,44.14,761936.4,112461.0,644418.0,87.86,99.27,1051.0,6,Ketahanan Menengah dengan Kapasitas Dasar Relatif Stabil,SULAWESI TENGAH,75.83,75.92,75.875,-8.909999999999997,3
SULAWESI TENGAH,2025,98.56,94.58,75.36,26.5,2.97,71.455,647429.3,10.72,72.82,9.1,13.35,70.4,172606.2,44.14,761936.4,112461.0,648896.0,87.55,98.7,1081.0,6,Ketahanan Menengah dengan Kapasitas Dasar Relatif Stabil,SULAWESI TENGAH,66.92,75.83,71.375,3.480000000000004,4
SULAWESI TENGGARA,2023,99.2,95.0,74.6,33.59,3.405,68.81,447674.5,11.43,72.79,9.31,13.7,74.96,113930.3,42.08,479407.3,64088.0,561452.0,94.8,99.78,1049.0,6,Ketahanan Menengah dengan Kapasitas Dasar Relatif Stabil,SULAWESI TENGGARA,75.04,76.64,75.84,-0.0800000000000125,2
SULAWESI TENGGARA,2024,99.06,95.76,75.73,33.37,3.155,71.225,472002.8,10.92,73.48,9.42,13.71,65.7,129999.6,42.76,555836.1,64088.0,604047.0,95.31,99.89,1025.0,6,Ketahanan Menengah dengan Kapasitas Dasar Relatif Stabil,SULAWESI TENGGARA,74.96,75.04,75.0,-9.259999999999991,3
SULAWESI TENGGARA,2025,99.05,96.53,79.58,33.67,3.29,70.72,510117.3,10.34,74.25,9.56,13.72,67.56,129999.6,42.76,555836.1,64088.0,650919.0,94.91,99.94,955.0,6,Ketahanan Menengah dengan Kapasitas Dasar Relatif Stabil,SULAWESI TENGGARA,65.7,74.96,70.33,1.8599999999999994,4
SULAWESI UTARA,2023,99.34,95.0,74.55,25.88,6.145,63.7,462801.5,7.38,74.36,9.77,12.96,77.32,54562.95,43.65,238193.4,64131.0,670957.0,94.37,99.75,626.0,5,Ketahanan Tinggi dengan Tekanan Ketenagakerjaan,SULAWESI UTARA,74.3,78.3,76.3,3.019999999999996,2
SULAWESI UTARA,2024,99.37,96.24,72.48,25.83,5.915,65.025,500045.8,7.0,75.03,9.84,12.97,72.97,59121.96,46.2,273134.9,64131.0,717919.0,94.46,99.87,616.0,5,Ketahanan Tinggi dengan Tekanan Ketenagakerjaan,SULAWESI UTARA,77.32,74.3,75.81,-4.349999999999994,3
SULAWESI UTARA,2025,99.28,96.11,71.45,25.57,6.01,66.255,541730.0,7.0,76.32,9.91,12.98,72.49,59121.96,46.2,273134.9,64131.0,718423.0,94.86,99.84,563.0,5,Ketahanan Tinggi dengan Tekanan Ketenagakerjaan,SULAWESI UTARA,72.97,77.32,75.145,-0.480000000000004,4
SUMATERA BARAT,2023,99.76,96.79,84.33,42.19,5.92,69.785,667612.0,5.95,73.75,9.28,14.11,83.22,300564.8,49.32,1482469.0,54334.0,747469.0,85.59,99.53,763.0,4,Ketahanan Tinggi Berbasis Pendidikan dan Produktivitas,SUMATERA BARAT,79.45,79.55,79.5,3.769999999999996,2
SUMATERA BARAT,2024,99.71,96.8,84.4,42.75,5.77,70.36,710938.8,6.0,74.49,9.44,14.3,76.0,295279.0,45.94,1356468.0,54334.0,797728.0,86.85,99.39,888.0,4,Ketahanan Tinggi Berbasis Pendidikan dan Produktivitas,SUMATERA BARAT,83.22,79.45,81.33500000000001,-7.219999999999999,3
SUMATERA BARAT,2025,99.63,97.0,85.04,38.84,5.655,71.145,752278.0,5.33,77.27,9.77,14.31,77.72,295279.0,45.94,1356468.0,54334.0,821552.0,87.26,99.47,767.0,4,Ketahanan Tinggi Berbasis Pendidikan dan Produktivitas,SUMATERA BARAT,76.0,83.22,79.61,1.7199999999999989,4
SUMATERA SELATAN,2023,99.41,95.27,71.71,21.49,4.32,70.225,528395.0,11.78,71.62,8.5,12.63,73.82,504143.0,56.19,2832774.0,71958.0,647779.0,87.19,99.71,653.0,3,Ketahanan Tinggi Berbasis Produksi dan Akses,SUMATERA SELATAN,69.64,69.55,69.595,4.179999999999993,2
SUMATERA SELATAN,2024,99.39,95.45,70.8,20.11,3.915,70.285,567128.5,10.74,72.3,8.57,12.64,76.3,521092.2,55.83,2909412.0,71958.0,711510.0,87.23,99.61,597.0,3,Ketahanan Tinggi Berbasis Produksi dan Akses,SUMATERA SELATAN,73.82,69.64,71.72999999999999,2.480000000000004,3
SUMATERA SELATAN,2025,99.5,95.68,73.78,21.24,3.79,70.22,604594.8,10.0,74.76,8.91,12.65,79.31,521092.2,55.83,2909412.0,71958.0,691256.0,86.82,99.77,594.0,3,Ketahanan Tinggi Berbasis Produksi dan Akses,SUMATERA SELATAN,76.3,73.82,75.06,3.010000000000005,4
SUMATERA UTARA,2023,99.51,96.76,79.25,31.08,5.565,70.83,600141.0,8.15,73.37,9.82,13.48,75.97,406109.5,51.4,2087474.0,68306.0,707588.0,92.19,99.52,86.0,4,Ketahanan Tinggi Berbasis Pendidikan dan Produktivitas,SUMATERA UTARA,71.22,72.25,71.735,4.75,2
SUMATERA UTARA,2024,99.5,97.35,78.59,30.22,5.35,70.83,641764.5,7.59,74.02,9.93,13.49,71.45,419463.5,52.56,2204876.0,68306.0,734270.0,92.94,99.73,754.0,4,Ketahanan Tinggi Berbasis Pendidikan dan Produktivitas,SUMATERA UTARA,75.97,71.22,73.595,-4.519999999999996,3
SUMATERA UTARA,2025,99.54,97.67,77.51,30.48,5.185,71.21,688043.3,7.3,76.47,10.08,13.5,71.47,419463.5,52.56,2204876.0,68306.0,765842.0,93.24,99.72,72.0,4,Ketahanan Tinggi Berbasis Pendidikan dan Produktivitas,SUMATERA UTARA,71.45,75.97,73.71000000000001,0.01999999999999602,4
