Provinsi,Tahun,IKP_forecast
ACEH,2026,70.97148895263672
ACEH,2027,71.19983673095703
ACEH,2028,72.6237564086914
BALI,2026,80.92404174804688
BALI,2027,80.23143005371094
BALI,2028,78.18043518066406
BANTEN,2026,78.31170654296875
BANTEN,2027,79.7052001953125
BANTEN,2028,81.4828872680664
BENGKULU,2026,71.70161437988281
BENGKULU,2027,74.53915405273438
BENGKULU,2028,76.2197494506836
DI YOGYAKARTA,2026,79.78524017333984
DI YOGYAKARTA,2027,81.1193618774414
DI YOGYAKARTA,2028,81.82115173339844
DKI JAKARTA,2026,72.73140716552734
DKI JAKARTA,2027,72.83805847167969
DKI JAKARTA,2028,73.15869903564453
GORONTALO,2026,70.99114227294922
GORONTALO,2027,71.1587905883789
GORONTALO,2028,72.58056640625
JAMBI,2026,78.2491455078125
JAMBI,2027,80.02124786376953
JAMBI,2028,81.82808685302734
JAWA BARAT,2026,77.55229187011719
JAWA BARAT,2027,80.18645477294922
JAWA BARAT,2028,80.9954833984375
JAWA TENGAH,2026,75.97321319580078
JAWA TENGAH,2027,78.26898193359375
JAWA TENGAH,2028,80.39767456054688
JAWA TIMUR,2026,74.77002716064453
JAWA TIMUR,2027,77.5921401977539
JAWA TIMUR,2028,80.0818099975586
KALIMANTAN BARAT,2026,71.42445373535156
KALIMANTAN BARAT,2027,71.19747161865234
KALIMANTAN BARAT,2028,71.26029968261719
KALIMANTAN SELATAN,2026,82.35240173339844
KALIMANTAN SELATAN,2027,81.66635131835938
KALIMANTAN SELATAN,2028,79.8397445678711
KALIMANTAN TENGAH,2026,73.6046142578125
KALIMANTAN TENGAH,2027,73.74591064453125
KALIMANTAN TENGAH,2028,73.74591064453125
KALIMANTAN TIMUR,2026,80.87135314941406
KALIMANTAN TIMUR,2027,79.44009399414062
KALIMANTAN TIMUR,2028,77.49227905273438
KALIMANTAN UTARA,2026,73.04265594482422
KALIMANTAN UTARA,2027,73.77080535888672
KALIMANTAN UTARA,2028,73.77175903320312
KEP. BANGKA BELITUNG,2026,80.07368469238281
KEP. BANGKA BELITUNG,2027,81.80325317382812
KEP. BANGKA BELITUNG,2028,83.0448226928711
KEP. RIAU,2026,70.08158874511719
KEP. RIAU,2027,69.08644104003906
KEP. RIAU,2028,69.90504455566406
LAMPUNG,2026,73.6043701171875
LAMPUNG,2027,73.77175903320312
LAMPUNG,2028,73.74591064453125
MALUKU,2026,55.024559020996094
MALUKU,2027,54.93079376220703
MALUKU,2028,55.024559020996094
MALUKU UTARA,2026,55.19294738769531
MALUKU UTARA,2027,54.873268127441406
MALUKU UTARA,2028,55.024559020996094
NUSA TENGGARA BARAT,2026,73.27684020996094
NUSA TENGGARA BARAT,2027,71.33954620361328
NUSA TENGGARA BARAT,2028,69.49541473388672
NUSA TENGGARA TIMUR,2026,54.99090576171875
NUSA TENGGARA TIMUR,2027,54.873268127441406
NUSA TENGGARA TIMUR,2028,55.024559020996094
PAPUA,2026,55.12580871582031
PAPUA,2027,54.93079376220703
PAPUA,2028,55.024559020996094
PAPUA BARAT,2026,58.03608322143555
PAPUA BARAT,2027,55.015464782714844
PAPUA BARAT,2028,54.873268127441406
PAPUA BARAT DAYA,2026,54.921539306640625
PAPUA BARAT DAYA,2027,54.93079376220703
PAPUA BARAT DAYA,2028,55.12580871582031
PAPUA PEGUNUNGAN,2026,42.5267448425293
PAPUA PEGUNUNGAN,2027,51.92583465576172
PAPUA PEGUNUNGAN,2028,56.90068054199219
PAPUA SELATAN,2026,54.934478759765625
PAPUA SELATAN,2027,55.19294738769531
PAPUA SELATAN,2028,55.16405487060547
PAPUA TENGAH,2026,42.5267448425293
PAPUA TENGAH,2027,43.65837478637695
PAPUA TENGAH,2028,43.56748962402344
RIAU,2026,71.2798843383789
RIAU,2027,72.57842254638672
RIAU,2028,74.68437957763672
SULAWESI BARAT,2026,70.12923431396484
SULAWESI BARAT,2027,71.13164520263672
SULAWESI BARAT,2028,71.96537017822266
SULAWESI SELATAN,2026,76.34133911132812
SULAWESI SELATAN,2027,78.24105834960938
SULAWESI SELATAN,2028,80.04352569580078
SULAWESI TENGAH,2026,71.16853332519531
SULAWESI TENGAH,2027,72.62772369384766
SULAWESI TENGAH,2028,74.77002716064453
SULAWESI TENGGARA,2026,70.47438049316406
SULAWESI TENGGARA,2027,70.96843719482422
SULAWESI TENGGARA,2028,71.20328521728516
SULAWESI UTARA,2026,71.77709197998047
SULAWESI UTARA,2027,71.34937286376953
SULAWESI UTARA,2028,71.33976745605469
SUMATERA BARAT,2026,80.07368469238281
SUMATERA BARAT,2027,81.77276611328125
SUMATERA BARAT,2028,83.0448226928711
SUMATERA SELATAN,2026,80.8995590209961
SUMATERA SELATAN,2027,81.629150390625
SUMATERA SELATAN,2028,81.12879180908203
SUMATERA UTARA,2026,72.679931640625
SUMATERA UTARA,2027,72.83805847167969
SUMATERA UTARA,2028,73.15869903564453
