Provinsi,cluster,cluster_name,Indeks Ketahanan Pangan,underdog,paradox_candidate,IKP_forecast,forecast_delta,risk_level_score,decline_score,underdog_signal,paradox_signal,priority_score,priority_tier
ACEH,4,Ketahanan Tinggi Berbasis Pendidikan dan Produktivitas,70.0,False,False,72.6237564086914,2.6237564086914062,0.2395041983206718,0.0,0,0,10.777688924430231,Monitoring
BALI,4,Ketahanan Tinggi Berbasis Pendidikan dan Produktivitas,79.89,False,False,78.18043518066406,-1.709564819335938,0.04178328668532594,0.328472823851461,0,0,11.734432616383495,Monitoring
BANTEN,5,Ketahanan Tinggi dengan Tekanan Ketenagakerjaan,77.78,False,False,81.4828872680664,3.702887268066405,0.0839664134346262,0.0,0,0,3.7784886045581794,Monitoring
BENGKULU,-1,Outlier dan Tipologi Heterogen,69.89,True,False,76.2197494506836,6.329749450683593,0.24170331867253103,0.0,1,0,25.876649340263896,Monitoring
DI YOGYAKARTA,4,Ketahanan Tinggi Berbasis Pendidikan dan Produktivitas,77.44,False,False,81.82115173339844,4.38115173339844,0.09076369452219124,0.0,0,0,4.084366253498606,Monitoring
DKI JAKARTA,2,Ketahanan Tinggi Berbasis Kapasitas Ekonomi,71.52,False,False,73.15869903564453,1.6386990356445352,0.2091163534586167,0.0,0,0,9.410235905637752,Monitoring
GORONTALO,6,Ketahanan Menengah dengan Kapasitas Dasar Relatif Stabil,69.75,True,False,72.58056640625,2.83056640625,0.24450219912035193,0.0,1,0,26.002598960415835,Monitoring
JAMBI,7,Ketahanan Relatif Tinggi dengan Kesenjangan Akses Dasar,76.16,False,True,81.82808685302734,5.668086853027347,0.11635345861655352,0.0,0,1,15.23590563774491,Monitoring
JAWA BARAT,0,Ketahanan Tinggi Berbasis Produksi Pangan,74.95,False,False,80.9954833984375,6.045483398437497,0.14054378248700522,0.0,0,0,6.324470211915235,Monitoring
JAWA TENGAH,0,Ketahanan Tinggi Berbasis Produksi Pangan,73.73,False,True,80.39767456054688,6.667674560546871,0.1649340263894442,0.0,0,1,17.42203118752499,Monitoring
JAWA TIMUR,0,Ketahanan Tinggi Berbasis Produksi Pangan,72.67,False,True,80.0818099975586,7.411809997558592,0.186125549780088,0.0,0,1,18.37564974010396,Monitoring
KALIMANTAN BARAT,7,Ketahanan Relatif Tinggi dengan Kesenjangan Akses Dasar,71.52,False,False,71.26029968261719,-0.2597003173828085,0.2091163534586167,0.04989836924638364,0,0,10.907186983029261,Monitoring
KALIMANTAN SELATAN,7,Ketahanan Relatif Tinggi dengan Kesenjangan Akses Dasar,81.98,False,False,79.8397445678711,-2.1402554321289102,0.0,0.41122497234582245,0,0,12.336749170374672,Monitoring
KALIMANTAN TENGAH,7,Ketahanan Relatif Tinggi dengan Kesenjangan Akses Dasar,73.62,False,True,73.74591064453125,0.12591064453124545,0.16713314674130345,0.0,0,1,17.520991603358656,Monitoring
KALIMANTAN TIMUR,2,Ketahanan Tinggi Berbasis Kapasitas Ekonomi,80.82,False,False,77.49227905273438,-3.327720947265618,0.023190723710516007,0.6393825400329576,0,0,20.225058767961947,Monitoring
KALIMANTAN UTARA,2,Ketahanan Tinggi Berbasis Kapasitas Ekonomi,72.56,False,True,73.77175903320312,1.2117590332031227,0.18832467013194723,0.0,0,1,18.474610155937626,Monitoring
KEP. BANGKA BELITUNG,7,Ketahanan Relatif Tinggi dengan Kesenjangan Akses Dasar,78.2,False,False,83.0448226928711,4.844822692871091,0.07556977209116356,0.0,0,0,3.40063974410236,Monitoring
KEP. RIAU,2,Ketahanan Tinggi Berbasis Kapasitas Ekonomi,71.96,False,True,69.90504455566406,-2.0549554443359312,0.2003198720511797,0.39483558040937716,0,1,30.859461654584397,Monitoring
LAMPUNG,3,Ketahanan Tinggi Berbasis Produksi dan Akses,73.06,False,True,73.74591064453125,0.6859106445312477,0.178328668532587,0.0,0,1,18.024790083966415,Monitoring
MALUKU,8,Kerentanan Pangan dan Keterbatasan Akses,57.18,False,False,55.024559020996094,-2.155440979003906,0.49580167932826874,0.41414269702484113,0,0,34.735356480517325,Priority
MALUKU UTARA,8,Kerentanan Pangan dan Keterbatasan Akses,58.27,True,False,55.024559020996094,-3.2454409790039094,0.4740103958416633,0.6235734094193373,1,0,55.03767009545497,Priority
NUSA TENGGARA BARAT,4,Ketahanan Tinggi Berbasis Pendidikan dan Produktivitas,74.7,False,True,69.49541473388672,-5.204585266113284,0.14554178328668535,1.0,0,1,46.54938024790084,Priority
NUSA TENGGARA TIMUR,-1,Outlier dan Tipologi Heterogen,58.24,False,False,55.024559020996094,-3.2154409790039082,0.47461015593762496,0.6178092613717822,0,0,39.89173485834659,Priority
PAPUA,8,Kerentanan Pangan dan Keterbatasan Akses,57.45,False,False,55.024559020996094,-2.425440979003909,0.49040383846461416,0.46602002945283605,0,0,36.04877361449272,Priority
PAPUA BARAT,8,Kerentanan Pangan dan Keterbatasan Akses,58.61,True,False,54.873268127441406,-3.736731872558593,0.46721311475409844,0.7179691909148287,1,0,57.56366589137929,Priority
PAPUA BARAT DAYA,8,Kerentanan Pangan dan Keterbatasan Akses,57.15,False,False,55.12580871582031,-2.024191284179686,0.4964014394242304,0.38892460795273426,0,0,34.005803012672395,Priority
PAPUA PEGUNUNGAN,1,Kerawanan Tinggi dan Deprivasi Multidimensi,31.96,False,False,56.90068054199219,24.940680541992187,1.0,0.0,0,0,45.0,Priority
PAPUA SELATAN,1,Kerawanan Tinggi dan Deprivasi Multidimensi,53.96,True,False,55.16405487060547,1.204054870605468,0.5601759296281488,0.0,1,0,40.2079168332667,Priority
PAPUA TENGAH,1,Kerawanan Tinggi dan Deprivasi Multidimensi,41.61,False,False,43.56748962402344,1.957489624023438,0.8070771691323471,0.0,0,0,36.318472610955624,Priority
RIAU,2,Ketahanan Tinggi Berbasis Kapasitas Ekonomi,70.42,False,False,74.68437957763672,4.264379577636717,0.23110755697720914,0.0,0,0,10.39984006397441,Monitoring
SULAWESI BARAT,6,Ketahanan Menengah dengan Kapasitas Dasar Relatif Stabil,67.08,False,False,71.96537017822266,4.885370178222658,0.2978808476609357,0.0,0,0,13.404638144742107,Monitoring
SULAWESI SELATAN,3,Ketahanan Tinggi Berbasis Produksi dan Akses,74.3,False,True,80.04352569580078,5.743525695800784,0.15353858456617367,0.0,0,1,16.909236305477815,Monitoring
SULAWESI TENGAH,6,Ketahanan Menengah dengan Kapasitas Dasar Relatif Stabil,70.4,True,False,74.77002716064453,4.370027160644526,0.23150739704118348,0.0,1,0,25.417832866853256,Monitoring
SULAWESI TENGGARA,6,Ketahanan Menengah dengan Kapasitas Dasar Relatif Stabil,67.56,False,False,71.20328521728516,3.643285217285154,0.2882846861255498,0.0,0,0,12.972810875649742,Monitoring
SULAWESI UTARA,5,Ketahanan Tinggi dengan Tekanan Ketenagakerjaan,72.49,False,True,71.33976745605469,-1.1502325439453074,0.18972411035585782,0.22100368908054915,0,1,25.167695638430075,Monitoring
SUMATERA BARAT,4,Ketahanan Tinggi Berbasis Pendidikan dan Produktivitas,77.72,False,False,83.0448226928711,5.324822692871095,0.08516593362654948,0.0,0,0,3.8324670131947265,Monitoring
SUMATERA SELATAN,3,Ketahanan Tinggi Berbasis Produksi dan Akses,79.31,False,False,81.12879180908203,1.818791809082029,0.0533786485405838,0.0,0,0,2.402039184326271,Monitoring
SUMATERA UTARA,4,Ketahanan Tinggi Berbasis Pendidikan dan Produktivitas,71.47,False,False,73.15869903564453,1.6886990356445324,0.21011595361855268,0.0,0,0,9.45521791283487,Monitoring
