Provinsi,Tahun,APS 7-12,APS 13-15,APS 16-18,APS 19-23,Tingkat Pengangguran Terbuka (persen),Angkatan Kerja Terhadap Penduduk Usia Kerja (TPAK) (persen),Garis Kemiskinan (Rupiah/Kapita/Bulan),Penduduk Miskin (persen),Indeks Pembangunan Manusia (IPM),Rata-rata Lama Sekolah (Tahun),Harapan Lama Sekolah (Tahun),Indeks Ketahanan Pangan,Luas Panen Tanaman Padi (ha) (Ha),Produktivitas Tanaman Padi (ku/ha) (Ku/ha),Rekap Produksi Padi (ton) (Ton),Produk Domestik Regional Bruto per Kapita (ribu rupiah),Rata-rata Pengeluaran per Kapita Sebulan Makanan (rupiah),Persentase Rumah Tangga yang Memiliki Akses terhadap Sumber Air Minum Layak (persen),Persentase Rumah Tangga menurut Provinsi dan Sumber Penerangan Utama dari Listrik,Prevalence of Undernourishment (Percent),cluster,cluster_name,province_map
ACEH,2021,99.67,98.42,83.28,34.95,6.3,64.46,553270.3,15.43,72.18,9.37,14.36,71.63,297058.38,55.03,1634639.6,34674.0,643591.4,88.79,99.87,69.0,4,Ketahanan Tinggi Berbasis Pendidikan dan Produktivitas,ACEH
ACEH,2022,99.44,97.96,83.1,34.31,6.07,63.825,605322.0,15.0,72.8,9.44,14.37,70.16,271750.2,55.55,1509456.0,38767.0,668480.98,89.7,99.84,1098.0,4,Ketahanan Tinggi Berbasis Pendidikan dan Produktivitas,ACEH
ACEH,2023,99.43,97.72,83.41,35.24,5.89,64.945,634889.5,14.45,73.4,9.55,14.38,72.96,254287.4,55.22,1404235.0,41408.0,702547.0,89.74,99.86,944.0,4,Ketahanan Tinggi Berbasis Pendidikan dan Produktivitas,ACEH
ACEH,2024,99.42,97.77,81.55,34.81,5.655,64.63,672333.3,13.0,74.03,9.64,14.39,67.9,301196.4,55.11,1659966.0,41408.0,722434.0,90.08,99.86,91.0,4,Ketahanan Tinggi Berbasis Pendidikan dan Produktivitas,ACEH
ACEH,2025,99.38,97.65,80.94,34.95,5.57,65.475,705310.8,12.0,76.23,9.95,14.4,70.0,301196.4,55.11,1659966.0,41408.0,741980.0,92.06,99.97,86.0,4,Ketahanan Tinggi Berbasis Pendidikan dan Produktivitas,ACEH
BALI,2021,99.7,98.22,83.96,31.48,5.395,73.625,447277.5,5.0,75.69,9.06,13.4,83.82,105201.31,58.83,618910.81,50758.0,628472.06,97.56,99.91,743.0,4,Ketahanan Tinggi Berbasis Pendidikan dan Produktivitas,BALI
BALI,2022,99.55,97.85,83.84,32.9,4.82,77.0,489030.0,4.55,76.44,9.39,13.48,85.19,112320.6,60.59,680601.6,56093.0,609855.33,98.42,99.99,772.0,4,Ketahanan Tinggi Berbasis Pendidikan dan Produktivitas,BALI
BALI,2023,99.61,97.95,84.73,34.31,3.21,77.135,517167.0,4.25,77.1,9.45,13.58,87.65,108514.1,62.07,673580.7,62299.0,729755.0,98.31,99.9,377.0,4,Ketahanan Tinggi Berbasis Pendidikan dan Produktivitas,BALI
BALI,2024,99.65,98.79,85.17,35.39,1.83,77.24,558569.0,3.9,77.76,9.54,13.62,77.02,103803.9,61.22,635473.4,62299.0,804982.0,98.32,99.96,32.0,4,Ketahanan Tinggi Berbasis Pendidikan dan Produktivitas,BALI
BALI,2025,99.57,98.88,90.68,34.32,1.535,77.355,603775.5,3.57,79.37,9.75,13.63,79.89,103803.9,61.22,635473.4,62299.0,827210.0,98.75,99.98,336.0,4,Ketahanan Tinggi Berbasis Pendidikan dan Produktivitas,BALI
BANTEN,2021,99.45,96.77,68.94,23.54,8.995,64.035,524712.3,6.58,72.72,8.93,13.02,74.38,318248.46,50.38,1603247.0,55383.0,744893.26,93.51,99.95,28.0,5,Ketahanan Tinggi dengan Tekanan Ketenagakerjaan,BANTEN
BANTEN,2022,99.33,96.39,69.22,23.67,8.31,64.9,567890.8,6.2,73.32,9.13,13.05,73.78,337240.7,53.04,1788583.0,61414.0,830110.79,92.71,99.8,246.0,5,Ketahanan Tinggi dengan Tekanan Ketenagakerjaan,BANTEN
BANTEN,2023,99.43,96.65,69.64,24.85,7.745,65.19,599323.5,6.17,73.87,9.15,13.09,78.71,311199.7,54.19,1686483.0,66147.0,847452.0,92.95,99.79,287.0,5,Ketahanan Tinggi dengan Tekanan Ketenagakerjaan,BANTEN
BANTEN,2024,99.52,96.67,71.91,26.04,6.85,65.56,636465.5,5.77,74.48,9.23,13.1,76.97,299090.8,51.84,1550623.0,66147.0,873268.0,94.01,99.84,255.0,5,Ketahanan Tinggi dengan Tekanan Ketenagakerjaan,BANTEN
BANTEN,2025,99.52,97.11,73.84,24.45,6.665,65.24,672989.5,5.57,77.25,9.56,13.11,77.78,299090.8,51.84,1550623.0,66147.0,870648.0,96.03,99.86,288.0,5,Ketahanan Tinggi dengan Tekanan Ketenagakerjaan,BANTEN
BENGKULU,2021,99.76,97.49,79.75,33.59,3.685,70.745,575415.3,15.0,71.64,8.87,13.67,70.32,55704.69,48.67,271117.19,39167.0,580273.31,67.39,99.44,864.0,-1,Outlier dan Tipologi Heterogen,BENGKULU
BENGKULU,2022,99.49,97.73,79.31,33.04,3.49,70.65,624996.0,14.48,72.16,8.91,13.68,67.99,57151.84,49.27,281610.1,43757.0,626208.94,73.07,99.61,1166.0,-1,Outlier dan Tipologi Heterogen,BENGKULU
BENGKULU,2023,99.42,97.91,79.57,34.05,3.315,71.815,654021.5,14.04,72.78,9.03,13.74,72.27,57877.18,49.53,286684.4,46301.0,679166.0,73.08,99.69,925.0,-1,Outlier dan Tipologi Heterogen,BENGKULU
BENGKULU,2024,99.51,97.93,79.07,35.13,3.14,71.315,690657.0,13.04,73.39,9.04,13.75,65.89,55775.09,48.92,272848.6,46301.0,724415.0,72.1,99.88,986.0,-1,Outlier dan Tipologi Heterogen,BENGKULU
BENGKULU,2025,99.29,97.01,80.48,34.18,3.325,71.64,717305.8,11.98,75.68,9.23,13.76,69.89,55775.09,48.92,272848.6,46301.0,740786.0,70.47,99.99,95.0,-1,Outlier dan Tipologi Heterogen,BENGKULU
DI YOGYAKARTA,2021,99.7,99.43,89.63,56.41,4.42,73.165,469253.0,12.0,80.22,9.64,15.64,81.43,107506.16,51.77,556531.03,40516.0,594622.24,95.69,100.0,1018.0,4,Ketahanan Tinggi Berbasis Pendidikan dan Produktivitas,DI YOGYAKARTA
DI YOGYAKARTA,2022,99.59,99.01,89.95,56.69,3.895,73.64,513521.5,11.0,80.64,9.75,15.65,80.88,110927.2,50.64,561699.5,44639.0,628844.56,96.5,99.96,1348.0,4,Ketahanan Tinggi Berbasis Pendidikan dan Produktivitas,DI YOGYAKARTA
DI YOGYAKARTA,2023,99.63,98.88,91.17,55.8,3.635,73.755,549433.5,11.04,81.07,9.83,15.66,83.17,105693.7,50.53,534113.7,48373.0,722132.0,96.69,100.0,1008.0,4,Ketahanan Tinggi Berbasis Pendidikan dan Produktivitas,DI YOGYAKARTA
DI YOGYAKARTA,2024,99.65,98.9,90.36,54.17,3.36,73.98,581607.3,11.0,81.55,9.92,15.7,75.69,96976.13,46.7,452831.8,48373.0,748182.0,96.91,100.0,905.0,4,Ketahanan Tinggi Berbasis Pendidikan dan Produktivitas,DI YOGYAKARTA
DI YOGYAKARTA,2025,99.61,99.6,93.03,54.72,3.32,74.235,608897.0,10.0,82.48,10.2,15.78,77.44,96976.13,46.7,452831.8,48373.0,766284.0,97.33,100.0,841.0,4,Ketahanan Tinggi Berbasis Pendidikan dan Produktivitas,DI YOGYAKARTA
DKI JAKARTA,2021,99.53,98.68,72.32,26.91,8.505,63.875,706345.0,5.0,81.11,11.17,13.07,78.01,559.97,58.03,3249.47,274660.0,923932.8,99.86,100.0,22.0,2,Ketahanan Tinggi Berbasis Kapasitas Ekonomi,DKI JAKARTA
DKI JAKARTA,2022,99.44,97.95,72.1,27.23,7.59,62.675,756162.5,4.65,81.65,11.31,13.08,78.25,477.25,48.98,2337.77,299675.0,953320.89,97.93,99.91,342.0,2,Ketahanan Tinggi Berbasis Kapasitas Ekonomi,DKI JAKARTA
DKI JAKARTA,2023,99.49,98.17,72.5,28.43,7.05,64.14,792515.0,4.44,82.46,11.45,13.33,83.8,542.93,49.26,2674.28,322651.0,1055896.0,99.42,99.98,257.0,2,Ketahanan Tinggi Berbasis Kapasitas Ekonomi,DKI JAKARTA
DKI JAKARTA,2024,99.25,98.36,79.95,32.98,6.12,65.135,835686.5,4.22,83.08,11.49,13.51,71.23,498.31,46.29,2306.54,322651.0,1108228.0,99.96,100.0,353.0,2,Ketahanan Tinggi Berbasis Kapasitas Ekonomi,DKI JAKARTA
DKI JAKARTA,2025,99.32,98.74,88.22,34.21,6.115,65.075,875268.0,4.0,85.05,11.59,13.8,71.52,498.31,46.29,2306.54,322651.0,1153404.0,99.98,100.0,322.0,2,Ketahanan Tinggi Berbasis Kapasitas Ekonomi,DKI JAKARTA
GORONTALO,2021,99.02,92.05,71.3,34.68,3.21,66.655,394648.3,15.51,69.0,7.9,13.11,80.52,48713.5,48.12,234392.86,37087.0,529729.27,94.57,99.26,1484.0,6,Ketahanan Menengah dengan Kapasitas Dasar Relatif Stabil,GORONTALO
GORONTALO,2022,98.93,91.83,71.68,34.04,2.915,68.345,423046.8,15.0,69.81,8.02,13.12,80.35,46823.47,51.29,240134.5,39691.0,534461.48,96.16,99.15,1863.0,6,Ketahanan Menengah dengan Kapasitas Dasar Relatif Stabil,GORONTALO
GORONTALO,2023,98.69,91.85,71.7,35.5,3.065,70.69,441905.0,15.15,70.45,8.1,13.16,81.63,49610.47,50.68,251431.8,42341.0,590966.0,96.0,99.26,151.0,6,Ketahanan Menengah dengan Kapasitas Dasar Relatif Stabil,GORONTALO
GORONTALO,2024,98.79,91.35,72.7,34.43,3.09,70.215,480262.8,14.22,71.23,8.29,13.17,67.95,46952.15,50.02,234862.9,42341.0,620823.0,96.13,99.7,1599.0,6,Ketahanan Menengah dengan Kapasitas Dasar Relatif Stabil,GORONTALO
GORONTALO,2025,98.85,92.35,72.0,35.02,3.27,68.405,507630.0,12.93,72.62,8.38,13.18,69.75,46952.15,50.02,234862.9,42341.0,650308.0,95.95,99.67,1532.0,6,Ketahanan Menengah dengan Kapasitas Dasar Relatif Stabil,GORONTALO
JAMBI,2021,99.66,96.39,72.5,25.63,4.925,67.235,532922.5,7.88,71.63,8.6,13.04,74.18,64412.26,46.29,298149.25,64771.0,613752.76,79.7,99.03,925.0,7,Ketahanan Relatif Tinggi dengan Kesenjangan Akses Dasar,JAMBI
JAMBI,2022,99.33,96.2,72.53,25.1,4.645,68.35,591335.3,7.66,72.14,8.68,13.05,69.5,60539.59,45.88,277743.8,76224.0,663020.58,79.19,99.43,1214.0,7,Ketahanan Relatif Tinggi dengan Kesenjangan Akses Dasar,JAMBI
JAMBI,2023,99.49,96.01,72.46,25.79,4.515,68.315,625921.5,7.58,72.77,8.81,13.13,72.17,61236.64,45.06,275941.5,79873.0,720949.0,80.02,99.44,1283.0,7,Ketahanan Relatif Tinggi dengan Kesenjangan Akses Dasar,JAMBI
JAMBI,2024,99.61,96.25,71.97,25.85,4.465,67.98,679293.5,7.18,73.43,8.9,13.14,74.25,61625.68,45.6,281022.1,79873.0,773667.0,82.16,99.58,1058.0,7,Ketahanan Relatif Tinggi dengan Kesenjangan Akses Dasar,JAMBI
JAMBI,2025,99.45,95.59,74.39,25.23,4.37,67.74,713707.8,7.04,75.13,8.95,13.34,76.16,61625.68,45.6,281022.1,79873.0,775092.0,82.46,99.68,1022.0,7,Ketahanan Relatif Tinggi dengan Kesenjangan Akses Dasar,JAMBI
JAWA BARAT,2021,99.5,95.09,67.8,24.82,9.37,64.89,430568.0,8.0,72.45,8.61,12.61,77.79,1604109.31,56.81,9113573.08,45234.0,677382.61,93.24,99.93,444.0,0,Ketahanan Tinggi Berbasis Produksi Pangan,JAWA BARAT
JAWA BARAT,2022,99.39,95.27,68.66,24.82,8.33,66.23,465678.0,8.02,73.12,8.78,12.62,77.55,1662404.0,56.75,9433723.0,49137.0,708389.69,93.04,99.98,675.0,0,Ketahanan Tinggi Berbasis Produksi Pangan,JAWA BARAT
JAWA BARAT,2023,99.4,95.75,68.58,26.45,7.665,66.62,493607.0,7.62,73.74,8.83,12.68,82.19,1583656.0,57.71,9140039.0,52651.0,761832.0,93.86,99.98,55.0,0,Ketahanan Tinggi Berbasis Produksi Pangan,JAWA BARAT
JAWA BARAT,2024,99.46,95.86,71.15,26.59,6.83,67.525,527108.0,7.27,74.43,8.87,12.8,72.31,1475362.0,58.47,8626880.0,52651.0,803842.0,94.9,99.99,599.0,0,Ketahanan Tinggi Berbasis Produksi Pangan,JAWA BARAT
JAWA BARAT,2025,99.5,96.58,75.8,27.98,6.755,67.95,557084.0,6.9,75.9,9.14,13.02,74.95,1475362.0,58.47,8626880.0,52651.0,832486.0,95.84,100.0,523.0,0,Ketahanan Tinggi Berbasis Produksi Pangan,JAWA BARAT
JAWA TENGAH,2021,99.66,96.84,70.79,25.19,5.955,69.48,416031.8,11.52,72.16,7.75,12.77,82.73,1696712.36,56.69,9618656.81,38568.0,519009.15,93.62,99.96,1234.0,0,Ketahanan Tinggi Berbasis Produksi Pangan,JAWA TENGAH
JAWA TENGAH,2022,99.58,96.77,70.82,25.03,5.66,71.44,451650.3,11.0,72.79,7.93,12.81,82.95,1688670.0,55.41,9356445.0,41934.0,572808.11,93.32,99.98,1234.0,0,Ketahanan Tinggi Berbasis Produksi Pangan,JAWA TENGAH
JAWA TENGAH,2023,99.57,97.08,70.87,26.52,5.185,72.025,477257.0,10.77,73.39,8.01,12.85,84.8,1642761.0,55.3,9084108.0,45162.0,601528.0,93.76,99.99,1044.0,0,Ketahanan Tinggi Berbasis Produksi Pangan,JAWA TENGAH
JAWA TENGAH,2024,99.57,97.12,71.6,25.61,4.585,72.98,513563.3,10.0,73.88,8.02,12.86,70.78,1554777.0,57.19,8891297.0,45162.0,647311.0,95.43,99.99,863.0,0,Ketahanan Tinggi Berbasis Produksi Pangan,JAWA TENGAH
JAWA TENGAH,2025,99.54,97.05,77.97,27.44,4.495,73.765,553720.3,9.0,74.77,8.15,13.05,73.73,1554777.0,57.19,8891297.0,45162.0,667536.0,95.73,100.0,861.0,0,Ketahanan Tinggi Berbasis Produksi Pangan,JAWA TENGAH
JAWA TIMUR,2021,99.4,97.76,74.14,27.1,5.455,69.875,436008.8,11.0,72.14,7.88,13.36,79.7,1747481.2,56.02,9789587.67,59988.0,557790.8,95.02,99.93,914.0,0,Ketahanan Tinggi Berbasis Produksi Pangan,JAWA TIMUR
JAWA TIMUR,2022,99.14,97.64,73.4,26.87,5.15,71.11,473160.5,10.0,72.75,8.03,13.37,79.85,1693211.0,56.26,9526516.0,66248.0,600847.63,95.05,99.98,1027.0,0,Ketahanan Tinggi Berbasis Produksi Pangan,JAWA TIMUR
JAWA TIMUR,2023,99.28,97.64,74.07,28.59,4.605,72.03,505563.5,10.35,73.38,8.11,13.38,82.46,1698083.0,57.19,9710661.0,71122.0,657408.0,96.01,99.98,809.0,0,Ketahanan Tinggi Berbasis Produksi Pangan,JAWA TIMUR
JAWA TIMUR,2024,99.34,97.68,76.44,28.88,3.965,73.235,539906.3,10.0,74.09,8.28,13.43,71.04,1616985.0,57.33,9270435.0,71122.0,689148.0,96.93,100.0,84.0,0,Ketahanan Tinggi Berbasis Produksi Pangan,JAWA TIMUR
JAWA TIMUR,2025,99.28,97.15,80.96,28.9,3.745,74.115,568991.5,9.4,76.13,8.39,13.44,72.67,1616985.0,57.33,9270435.0,71122.0,715989.0,97.3,99.99,805.0,0,Ketahanan Tinggi Berbasis Produksi Pangan,JAWA TIMUR
KALIMANTAN BARAT,2021,98.64,93.14,69.38,26.08,5.775,69.415,501930.3,7.0,67.9,7.45,12.65,71.32,223165.74,31.9,711898.01,42253.0,603291.38,78.76,96.51,196.0,7,Ketahanan Relatif Tinggi dengan Kesenjangan Akses Dasar,KALIMANTAN BARAT
KALIMANTAN BARAT,2022,98.73,92.64,68.72,25.88,4.985,69.355,545080.8,6.77,68.63,7.59,12.66,70.81,241478.6,30.28,731225.8,46092.0,666065.89,80.43,97.02,1922.0,7,Ketahanan Relatif Tinggi dengan Kesenjangan Akses Dasar,KALIMANTAN BARAT
KALIMANTAN BARAT,2023,98.81,92.92,69.25,27.42,4.785,68.935,572339.5,6.71,69.41,7.71,12.67,72.2,224068.5,31.25,700290.8,48809.0,695043.0,82.08,97.98,1503.0,7,Ketahanan Relatif Tinggi dengan Kesenjangan Akses Dasar,KALIMANTAN BARAT
KALIMANTAN BARAT,2024,99.0,93.05,69.39,26.98,4.53,69.13,613181.8,6.0,70.13,7.78,12.68,69.26,247207.7,30.94,764784.2,48809.0,735785.0,82.13,99.08,1356.0,7,Ketahanan Relatif Tinggi dengan Kesenjangan Akses Dasar,KALIMANTAN BARAT
KALIMANTAN BARAT,2025,98.95,94.36,70.95,26.84,4.525,69.27,647999.8,6.0,72.09,8.07,12.69,71.52,247207.7,30.94,764784.2,48809.0,779641.0,84.32,99.16,1375.0,7,Ketahanan Relatif Tinggi dengan Kesenjangan Akses Dasar,KALIMANTAN BARAT
KALIMANTAN SELATAN,2021,99.38,93.5,69.31,27.64,4.64,69.17,522736.5,5.0,71.28,8.34,12.81,80.29,254263.59,39.97,1016313.55,48066.0,701228.0,76.4,99.76,278.0,7,Ketahanan Relatif Tinggi dengan Kesenjangan Akses Dasar,KALIMANTAN SELATAN
KALIMANTAN SELATAN,2022,99.43,94.01,69.88,27.64,4.47,68.595,566559.3,4.55,71.84,8.46,12.82,81.05,214908.9,38.13,819419.2,60213.0,727960.88,76.18,99.74,447.0,7,Ketahanan Relatif Tinggi dengan Kesenjangan Akses Dasar,KALIMANTAN SELATAN
KALIMANTAN SELATAN,2023,99.3,94.12,69.95,29.09,4.13,69.645,604010.5,4.29,72.5,8.55,12.86,81.26,214283.8,40.86,875545.7,63754.0,747955.0,76.29,99.92,448.0,7,Ketahanan Relatif Tinggi dengan Kesenjangan Akses Dasar,KALIMANTAN SELATAN
KALIMANTAN SELATAN,2024,99.3,93.7,72.31,29.45,4.045,69.885,637979.3,4.0,73.03,8.62,12.87,77.62,246112.4,41.83,1029568.0,63754.0,799948.0,77.34,99.92,383.0,7,Ketahanan Relatif Tinggi dengan Kesenjangan Akses Dasar,KALIMANTAN SELATAN
KALIMANTAN SELATAN,2025,99.14,93.82,75.16,30.91,4.05,70.17,667079.3,4.0,76.1,8.81,13.12,81.98,246112.4,41.83,1029568.0,63754.0,827593.0,78.27,99.86,402.0,7,Ketahanan Relatif Tinggi dengan Kesenjangan Akses Dasar,KALIMANTAN SELATAN
KALIMANTAN TENGAH,2021,99.55,95.21,66.7,25.43,4.39,69.055,511396.0,5.16,71.25,8.64,12.74,73.68,125870.05,30.28,381189.55,62834.0,713144.53,77.05,98.75,888.0,7,Ketahanan Relatif Tinggi dengan Kesenjangan Akses Dasar,KALIMANTAN TENGAH
KALIMANTAN TENGAH,2022,99.2,94.61,66.32,24.94,4.23,67.085,562703.5,5.25,71.63,8.65,12.75,69.96,108226.8,31.78,343918.8,72973.0,762633.94,77.01,98.81,1283.0,7,Ketahanan Relatif Tinggi dengan Kesenjangan Akses Dasar,KALIMANTAN TENGAH
KALIMANTAN TENGAH,2023,99.13,95.21,66.32,25.49,3.97,67.97,592024.5,5.11,72.2,8.73,12.76,68.9,101580.3,32.56,330781.1,75271.0,787550.0,77.72,98.91,937.0,7,Ketahanan Relatif Tinggi dengan Kesenjangan Akses Dasar,KALIMANTAN TENGAH
KALIMANTAN TENGAH,2024,99.32,95.24,68.33,24.12,3.84,68.27,629625.8,5.0,72.73,8.81,12.77,72.5,111016.1,32.98,366146.8,75271.0,835243.0,78.71,99.26,85.0,7,Ketahanan Relatif Tinggi dengan Kesenjangan Akses Dasar,KALIMANTAN TENGAH
KALIMANTAN TENGAH,2025,99.45,95.74,70.76,24.91,3.72,69.15,666635.3,5.0,74.86,8.96,12.78,73.62,111016.1,32.98,366146.8,75271.0,849309.0,80.58,99.65,82.0,7,Ketahanan Relatif Tinggi dengan Kesenjangan Akses Dasar,KALIMANTAN TENGAH
KALIMANTAN TIMUR,2021,99.6,98.9,82.01,33.45,6.82,66.475,692314.0,6.0,76.88,9.84,13.81,77.46,66269.46,36.92,244677.96,183158.0,736465.16,85.8,99.82,1256.0,2,Ketahanan Tinggi Berbasis Kapasitas Ekonomi,KALIMANTAN TIMUR
KALIMANTAN TIMUR,2022,99.57,98.75,81.43,33.4,6.24,65.475,745355.5,6.0,77.44,9.92,13.84,77.65,64970.01,36.85,239425.3,238917.0,813447.68,87.14,99.76,1619.0,2,Ketahanan Tinggi Berbasis Kapasitas Ekonomi,KALIMANTAN TIMUR
KALIMANTAN TIMUR,2023,99.64,98.71,81.5,34.75,5.84,65.615,786239.0,6.11,78.2,9.99,14.02,72.29,57082.01,39.76,226972.1,215804.0,885069.0,87.9,99.88,92.0,2,Ketahanan Tinggi Berbasis Kapasitas Ekonomi,KALIMANTAN TIMUR
KALIMANTAN TIMUR,2024,99.69,98.73,81.84,33.43,5.445,66.69,839281.0,6.0,78.83,10.02,14.03,77.57,63041.65,39.6,249642.9,215804.0,925954.0,89.11,99.98,74.0,2,Ketahanan Tinggi Berbasis Kapasitas Ekonomi,KALIMANTAN TIMUR
KALIMANTAN TIMUR,2025,99.64,97.34,84.15,33.15,5.255,66.49,875547.3,5.18,79.39,10.1,14.04,80.82,63041.65,39.6,249642.9,215804.0,956141.0,88.45,99.97,862.0,2,Ketahanan Tinggi Berbasis Kapasitas Ekonomi,KALIMANTAN TIMUR
KALIMANTAN UTARA,2021,98.67,96.51,76.5,27.5,4.625,66.205,712913.0,7.0,71.19,9.11,12.94,73.02,8880.83,33.74,29967.31,157092.0,742833.93,86.8,98.7,1275.0,2,Ketahanan Tinggi Berbasis Kapasitas Ekonomi,KALIMANTAN UTARA
KALIMANTAN UTARA,2022,98.98,97.03,76.5,29.01,4.475,66.07,777419.8,7.0,71.83,9.27,13.06,71.04,8604.19,35.49,30533.59,192588.0,758431.1,89.96,99.32,2301.0,2,Ketahanan Tinggi Berbasis Kapasitas Ekonomi,KALIMANTAN UTARA
KALIMANTAN UTARA,2023,99.22,96.96,77.03,30.83,4.055,68.69,808365.0,6.45,72.49,9.34,13.2,74.59,6499.92,36.31,23602.0,201789.0,801219.0,90.19,99.46,1592.0,2,Ketahanan Tinggi Berbasis Kapasitas Ekonomi,KALIMANTAN UTARA
KALIMANTAN UTARA,2024,98.97,96.57,78.89,30.71,3.955,67.435,853125.0,5.85,73.02,9.35,13.21,71.57,8282.06,36.32,30079.77,201789.0,833209.0,89.42,99.49,1461.0,2,Ketahanan Tinggi Berbasis Kapasitas Ekonomi,KALIMANTAN UTARA
KALIMANTAN UTARA,2025,99.14,95.96,81.93,29.25,3.875,69.37,895833.0,6.0,74.04,9.44,13.31,72.56,8282.06,36.32,30079.77,201789.0,838916.0,91.59,99.89,1448.0,2,Ketahanan Tinggi Berbasis Kapasitas Ekonomi,KALIMANTAN UTARA
KEP. BANGKA BELITUNG,2021,99.47,93.17,68.15,19.1,5.035,66.935,762815.5,5.0,71.69,8.08,12.17,73.22,18278.27,38.57,70496.25,58406.0,783203.97,73.4,99.75,1105.0,7,Ketahanan Relatif Tinggi dengan Kesenjangan Akses Dasar,KEPULAUAN BANGKA BELITUNG
KEP. BANGKA BELITUNG,2022,99.41,93.0,68.42,18.88,4.475,68.77,828699.8,4.53,72.24,8.11,12.18,71.71,15107.8,40.66,61425.07,63866.0,881622.45,80.96,99.85,1519.0,7,Ketahanan Relatif Tinggi dengan Kesenjangan Akses Dasar,KEPULAUAN BANGKA BELITUNG
KEP. BANGKA BELITUNG,2023,99.51,93.2,69.53,19.38,4.225,69.335,876340.5,4.52,72.85,8.25,12.31,71.14,15284.56,43.49,66468.89,67813.0,879797.0,81.64,99.93,1335.0,7,Ketahanan Relatif Tinggi dengan Kesenjangan Akses Dasar,KEPULAUAN BANGKA BELITUNG
KEP. BANGKA BELITUNG,2024,99.66,93.52,72.69,19.74,4.24,69.765,915967.5,5.0,73.33,8.33,12.49,76.41,18202.56,42.57,77489.79,67813.0,929142.0,82.97,99.87,1066.0,7,Ketahanan Relatif Tinggi dengan Kesenjangan Akses Dasar,KEPULAUAN BANGKA BELITUNG
KEP. BANGKA BELITUNG,2025,99.49,92.9,76.03,21.13,4.31,68.525,977835.8,5.0,75.26,8.65,12.5,78.2,18202.56,42.57,77489.79,67813.0,915697.0,83.54,99.93,10.0,7,Ketahanan Relatif Tinggi dengan Kesenjangan Akses Dasar,KEPULAUAN BANGKA BELITUNG
KEP. RIAU,2021,99.62,98.85,84.4,22.69,10.015,67.33,635416.0,6.0,75.79,10.18,12.98,63.26,270.16,31.65,855.01,131884.0,828206.18,90.83,99.71,771.0,2,Ketahanan Tinggi Berbasis Kapasitas Ekonomi,KEPULAUAN RIAU
KEP. RIAU,2022,99.28,99.01,84.54,22.66,8.125,67.71,694383.3,6.0,76.46,10.37,12.99,63.83,179.48,28.24,506.91,145530.0,846221.75,91.82,99.76,113.0,2,Ketahanan Tinggi Berbasis Kapasitas Ekonomi,KEPULAUAN RIAU
KEP. RIAU,2023,99.29,99.07,84.97,22.43,7.205,67.985,727713.0,5.69,77.11,10.41,13.05,65.1,115.27,28.11,324.01,154065.0,863530.0,92.1,99.79,983.0,2,Ketahanan Tinggi Berbasis Kapasitas Ekonomi,KEPULAUAN RIAU
KEP. RIAU,2024,99.47,98.91,85.56,26.28,6.665,68.155,779533.8,5.0,77.97,10.5,13.27,73.21,113.33,26.92,305.09,154065.0,938634.0,94.71,99.91,955.0,2,Ketahanan Tinggi Berbasis Kapasitas Ekonomi,KEPULAUAN RIAU
KEP. RIAU,2025,99.71,98.6,88.24,26.61,6.67,67.535,837591.5,4.35,80.53,10.72,13.28,71.96,113.33,26.92,305.09,154065.0,1063897.0,94.6,99.96,909.0,2,Ketahanan Tinggi Berbasis Kapasitas Ekonomi,KEPULAUAN RIAU
LAMPUNG,2021,99.53,95.58,71.72,23.05,4.615,70.54,493816.3,12.0,69.9,8.08,12.73,77.96,489573.23,50.77,2485452.78,40807.0,539963.55,80.2,99.65,1025.0,3,Ketahanan Tinggi Berbasis Produksi dan Akses,LAMPUNG
LAMPUNG,2022,99.56,95.63,71.14,22.37,4.415,71.285,543060.3,12.0,70.45,8.18,12.74,78.61,518256.1,51.87,2688160.0,44982.0,575672.68,81.6,99.77,1463.0,3,Ketahanan Tinggi Berbasis Produksi dan Akses,LAMPUNG
LAMPUNG,2023,99.61,95.93,71.74,23.51,4.205,71.055,572594.5,11.11,71.15,8.29,12.77,81.56,530108.1,52.03,2757898.0,48188.0,627879.0,82.78,99.77,881.0,3,Ketahanan Tinggi Berbasis Produksi dan Akses,LAMPUNG
LAMPUNG,2024,99.5,96.07,72.35,22.53,4.155,70.96,607181.5,11.0,71.81,8.36,12.78,71.91,531715.1,52.5,2791348.0,48188.0,656937.0,84.51,99.94,1068.0,3,Ketahanan Tinggi Berbasis Produksi dan Akses,LAMPUNG
LAMPUNG,2025,99.62,95.72,75.35,20.68,4.14,70.8,634998.3,9.83,73.98,8.61,12.79,73.06,531715.1,52.5,2791348.0,48188.0,663740.0,85.13,99.96,1062.0,3,Ketahanan Tinggi Berbasis Produksi dan Akses,LAMPUNG
MALUKU,2021,99.52,97.65,79.68,40.97,6.83,65.075,597717.5,17.0,69.71,10.03,13.97,58.7,28319.75,41.24,116803.67,26153.0,536326.5,93.21,96.15,2962.0,8,Kerentanan Pangan dan Keterbatasan Akses,MALUKU
MALUKU,2022,99.55,97.69,79.03,43.43,6.66,64.27,652845.5,16.1,70.22,10.19,14.0,60.2,23987.82,38.6,92601.06,28537.0,589485.16,92.1,96.36,3168.0,8,Kerentanan Pangan dan Keterbatasan Akses,MALUKU
MALUKU,2023,99.59,97.97,79.9,40.27,6.195,63.71,685296.5,16.42,70.94,10.2,14.08,64.37,22636.68,35.32,79958.34,30455.0,595310.0,92.98,96.44,3027.0,8,Kerentanan Pangan dan Keterbatasan Akses,MALUKU
MALUKU,2024,99.49,97.83,77.7,39.58,6.035,66.135,728132.5,16.0,71.57,10.26,14.09,57.36,23947.35,38.05,91125.35,30455.0,640897.0,93.32,97.25,3166.0,8,Kerentanan Pangan dan Keterbatasan Akses,MALUKU
MALUKU,2025,99.56,97.75,77.28,29.66,6.11,67.11,780074.8,15.0,74.09,10.51,14.1,57.18,23947.35,38.05,91125.35,30455.0,679006.0,92.83,98.74,3054.0,8,Kerentanan Pangan dan Keterbatasan Akses,MALUKU
MALUKU UTARA,2021,98.84,97.0,77.01,32.21,4.885,64.505,505782.5,7.0,68.76,9.09,13.68,59.58,7781.96,36.05,28050.8,40381.0,556903.28,88.66,96.7,2886.0,8,Kerentanan Pangan dan Keterbatasan Akses,MALUKU UTARA
MALUKU UTARA,2022,99.13,97.59,77.7,32.65,4.48,65.795,537878.3,6.3,69.47,9.24,13.73,58.39,6416.45,38.16,24486.03,53776.0,585162.43,88.1,97.24,3071.0,8,Kerentanan Pangan dan Keterbatasan Akses,MALUKU UTARA
MALUKU UTARA,2023,99.12,97.51,78.38,32.19,4.455,67.145,575062.5,6.46,70.21,9.26,13.74,62.34,7709.07,34.59,26663.23,64270.0,660687.0,89.01,97.32,2956.0,8,Kerentanan Pangan dan Keterbatasan Akses,MALUKU UTARA
MALUKU UTARA,2024,99.11,96.68,76.02,29.5,4.095,68.505,633074.8,6.0,71.03,9.37,13.75,57.3,9366.71,33.34,31232.95,64270.0,726547.0,88.92,98.72,2844.0,8,Kerentanan Pangan dan Keterbatasan Akses,MALUKU UTARA
MALUKU UTARA,2025,99.04,97.08,79.62,25.38,4.405,69.28,693707.3,5.7,72.52,9.5,13.76,58.27,9366.71,33.34,31232.95,64270.0,749636.0,90.01,99.26,2783.0,8,Kerentanan Pangan dan Keterbatasan Akses,MALUKU UTARA
NUSA TENGGARA BARAT,2021,99.52,98.34,77.49,27.22,3.49,70.945,432583.3,14.0,68.65,7.38,13.9,75.67,276211.88,51.39,1419559.84,26009.0,637897.8,94.6,99.86,178.0,4,Ketahanan Tinggi Berbasis Pendidikan dan Produktivitas,NUSA TENGGARA BARAT
NUSA TENGGARA BARAT,2022,99.17,97.74,77.43,26.93,3.405,70.59,474701.5,13.75,69.46,7.61,13.96,76.58,270092.9,53.79,1452945.0,28671.0,666966.05,95.4,99.94,224.0,4,Ketahanan Tinggi Berbasis Pendidikan dan Produktivitas,NUSA TENGGARA BARAT
NUSA TENGGARA BARAT,2023,99.46,97.95,77.46,28.45,3.265,72.235,498572.5,13.85,70.2,7.74,13.97,76.51,287512.1,53.51,1538537.0,29926.0,711180.0,96.03,99.88,217.0,4,Ketahanan Tinggi Berbasis Pendidikan dan Produktivitas,NUSA TENGGARA BARAT
NUSA TENGGARA BARAT,2024,99.47,97.86,77.81,28.88,3.015,75.6,536861.3,12.41,70.93,7.87,13.98,75.49,281717.8,51.59,1453408.0,29926.0,730071.0,96.13,99.98,274.0,4,Ketahanan Tinggi Berbasis Pendidikan dan Produktivitas,NUSA TENGGARA BARAT
NUSA TENGGARA BARAT,2025,99.38,96.92,79.21,28.88,3.14,76.305,564968.0,11.58,73.97,8.21,13.99,74.7,281717.8,51.59,1453408.0,29926.0,762911.0,96.29,99.99,267.0,4,Ketahanan Tinggi Berbasis Pendidikan dan Produktivitas,NUSA TENGGARA BARAT
NUSA TENGGARA TIMUR,2021,98.42,95.32,75.77,32.41,3.575,73.535,458629.3,21.0,65.28,7.69,13.2,67.35,174900.07,41.85,731877.74,20555.0,468252.17,85.4,92.43,1184.0,8,Kerentanan Pangan dan Keterbatasan Akses,NUSA TENGGARA TIMUR
NUSA TENGGARA TIMUR,2022,98.59,94.83,75.55,32.12,3.42,74.445,509344.8,20.14,65.9,7.7,13.21,68.42,183092.0,41.29,756049.9,21658.0,480749.17,86.76,94.87,1374.0,8,Kerentanan Pangan dan Keterbatasan Akses,NUSA TENGGARA TIMUR
NUSA TENGGARA TIMUR,2023,98.62,94.89,75.93,33.03,3.12,75.115,542969.0,19.96,66.68,7.82,13.22,71.25,184698.9,41.52,766810.5,23079.0,516672.0,88.35,95.04,1498.0,-1,Outlier dan Tipologi Heterogen,NUSA TENGGARA TIMUR
NUSA TENGGARA TIMUR,2024,98.81,94.76,75.75,33.24,3.095,77.135,566945.5,19.25,67.39,8.02,13.23,56.27,168727.2,41.95,707792.5,23079.0,541265.0,88.55,96.82,1249.0,-1,Outlier dan Tipologi Heterogen,NUSA TENGGARA TIMUR
NUSA TENGGARA TIMUR,2025,98.89,95.44,76.65,31.41,3.27,75.68,595715.5,18.05,69.89,8.22,13.34,58.24,168727.2,41.95,707792.5,23079.0,559895.0,89.86,98.06,1212.0,-1,Outlier dan Tipologi Heterogen,NUSA TENGGARA TIMUR
PAPUA,2021,83.43,80.02,63.98,25.26,3.55,75.88,608360.3,27.12,60.62,6.76,11.11,35.48,64984.9,44.05,286279.8,54051.0,792780.9,64.92,79.12,3737.0,1,Kerawanan Tinggi dan Deprivasi Multidimensi,PAPUA
PAPUA,2022,84.35,81.66,65.93,25.12,3.215,78.99,663610.5,26.68,71.76,7.02,11.14,37.8,49741.91,38.99,193943.5,59384.0,858106.47,65.39,79.96,3618.0,1,Kerawanan Tinggi dan Deprivasi Multidimensi,PAPUA
PAPUA,2023,83.61,80.91,64.15,26.06,3.08,76.995,702617.5,26.03,72.41,7.15,11.15,42.27,840.18,44.76,3760.45,78055.0,866059.0,66.49,77.43,3563.0,1,Kerawanan Tinggi dan Deprivasi Multidimensi,PAPUA
PAPUA,2024,97.09,96.98,80.38,38.17,6.145,69.95,675155.3,18.0,73.0,9.82,13.72,57.39,1068.57,43.14,4609.95,78055.0,765393.0,85.84,96.06,2603.0,8,Kerentanan Pangan dan Keterbatasan Akses,PAPUA
PAPUA,2025,97.51,97.32,81.78,38.16,6.94,67.18,702153.5,18.49,74.69,10.01,13.94,57.45,1068.57,43.14,4609.95,78055.0,830864.0,87.7,96.65,2611.0,8,Kerentanan Pangan dan Keterbatasan Akses,PAPUA
PAPUA BARAT,2021,98.08,96.85,81.21,34.77,6.01,69.225,645388.8,21.83,65.26,7.69,13.13,46.05,6414.94,41.98,26926.93,74022.0,698303.14,81.68,95.8,2459.0,8,Kerentanan Pangan dan Keterbatasan Akses,PAPUA BARAT
PAPUA BARAT,2022,98.27,97.37,80.56,34.98,5.575,69.07,691492.5,21.38,65.16,7.84,13.21,45.92,5460.59,43.89,23963.92,78141.0,723854.71,81.57,95.49,2938.0,8,Kerentanan Pangan dan Keterbatasan Akses,PAPUA BARAT
PAPUA BARAT,2023,98.41,97.42,80.58,35.74,5.455,68.3,734073.5,20.49,66.16,7.93,13.34,47.95,5006.27,45.08,22566.81,108110.0,773831.0,81.57,95.5,24.0,8,Kerentanan Pangan dan Keterbatasan Akses,PAPUA BARAT
PAPUA BARAT,2024,97.6,95.61,75.32,31.18,4.22,73.175,838689.8,21.0,67.02,7.86,13.17,56.95,5121.13,40.48,20729.15,108110.0,836642.0,82.38,96.3,2191.0,8,Kerentanan Pangan dan Keterbatasan Akses,PAPUA BARAT
PAPUA BARAT,2025,97.59,96.22,77.53,34.53,4.38,70.5,888751.8,20.12,68.48,8.07,13.21,58.61,5121.13,40.48,20729.15,108110.0,878045.0,82.95,96.59,2042.0,8,Kerentanan Pangan dan Keterbatasan Akses,PAPUA BARAT
PAPUA BARAT DAYA,2021,98.08,96.85,81.21,34.77,6.01,69.225,645388.8,21.84,65.27,7.7,13.14,46.05,6414.94,41.98,26926.93,58450.0,810863.0,81.68,98.05,2053.0,8,Kerentanan Pangan dan Keterbatasan Akses,PAPUA BARAT DAYA
PAPUA BARAT DAYA,2022,98.27,97.37,80.56,34.98,5.575,69.07,691492.5,21.39,67.59,7.85,13.22,45.92,5460.59,43.89,23963.92,58450.0,810863.0,81.68,98.05,2053.0,8,Kerentanan Pangan dan Keterbatasan Akses,PAPUA BARAT DAYA
PAPUA BARAT DAYA,2023,98.41,97.42,80.58,35.74,5.455,68.3,734073.5,20.5,68.05,7.94,13.35,47.95,5006.27,45.08,22566.81,58450.0,810863.0,81.68,98.05,2053.0,8,Kerentanan Pangan dan Keterbatasan Akses,PAPUA BARAT DAYA
PAPUA BARAT DAYA,2024,99.17,95.82,81.14,37.35,6.25,67.63,774106.0,17.54,68.63,8.39,13.88,54.52,5121.13,40.48,20729.15,58450.0,810863.0,81.68,98.05,2053.0,8,Kerentanan Pangan dan Keterbatasan Akses,PAPUA BARAT DAYA
PAPUA BARAT DAYA,2025,98.67,96.38,81.7,35.19,6.73,68.12,830401.5,18.0,70.55,8.69,13.89,57.15,5121.13,40.48,20729.15,58450.0,857182.0,80.64,98.56,2158.0,8,Kerentanan Pangan dan Keterbatasan Akses,PAPUA BARAT DAYA
PAPUA PEGUNUNGAN,2021,83.43,80.02,63.98,25.26,3.55,75.88,608360.3,27.15,60.65,6.79,11.14,35.48,64984.9,44.05,286279.8,16870.0,1157571.0,30.64,73.66,2726.0,1,Kerawanan Tinggi dan Deprivasi Multidimensi,PAPUA PEGUNUNGAN
PAPUA PEGUNUNGAN,2022,84.35,81.66,65.93,25.12,3.215,78.99,663610.5,26.71,51.7,7.05,11.17,37.8,49741.91,38.99,193943.5,16870.0,1157571.0,30.64,73.66,2726.0,1,Kerawanan Tinggi dan Deprivasi Multidimensi,PAPUA PEGUNUNGAN
PAPUA PEGUNUNGAN,2023,83.61,80.91,64.15,26.06,3.08,76.995,702617.5,26.06,52.45,7.18,11.18,42.27,840.18,44.76,3760.45,16870.0,1157571.0,30.64,73.66,2726.0,1,Kerawanan Tinggi dan Deprivasi Multidimensi,PAPUA PEGUNUNGAN
PAPUA PEGUNUNGAN,2024,79.98,73.12,56.09,17.84,1.25,87.875,1178114.0,31.0,53.42,4.21,9.97,34.56,1068.57,43.14,4609.95,16870.0,1157571.0,30.64,73.66,2726.0,1,Kerawanan Tinggi dan Deprivasi Multidimensi,PAPUA PEGUNUNGAN
PAPUA PEGUNUNGAN,2025,82.24,71.08,50.79,12.48,1.68,89.465,1325738.0,28.62,54.91,4.3,9.98,31.96,1068.57,43.14,4609.95,16870.0,1256747.0,32.89,68.88,2872.0,1,Kerawanan Tinggi dan Deprivasi Multidimensi,PAPUA PEGUNUNGAN
PAPUA SELATAN,2021,83.43,80.02,63.98,25.26,3.55,75.88,608360.3,27.13,60.63,6.77,11.12,35.48,64984.9,44.05,286279.8,58581.0,749474.0,71.9,80.61,2926.0,1,Kerawanan Tinggi dan Deprivasi Multidimensi,PAPUA SELATAN
PAPUA SELATAN,2022,84.35,81.66,65.93,25.12,3.215,78.99,663610.5,26.69,65.74,7.03,11.15,37.8,49741.91,38.99,193943.5,58581.0,749474.0,71.9,80.61,2926.0,1,Kerawanan Tinggi dan Deprivasi Multidimensi,PAPUA SELATAN
PAPUA SELATAN,2023,83.61,80.91,64.15,26.06,3.08,76.995,702617.5,26.04,67.27,7.16,11.16,42.27,840.18,44.76,3760.45,58581.0,749474.0,71.9,80.61,2926.0,1,Kerawanan Tinggi dan Deprivasi Multidimensi,PAPUA SELATAN
PAPUA SELATAN,2024,90.47,85.51,71.68,31.73,4.4,69.495,555938.3,18.0,67.9,8.38,12.67,51.87,1068.57,43.14,4609.95,58581.0,749474.0,71.9,80.61,2926.0,1,Kerawanan Tinggi dan Deprivasi Multidimensi,PAPUA SELATAN
PAPUA SELATAN,2025,91.65,89.29,66.97,27.57,4.47,67.76,604296.8,19.0,69.54,8.64,12.68,53.96,1068.57,43.14,4609.95,58581.0,805371.0,71.28,83.61,2751.0,1,Kerawanan Tinggi dan Deprivasi Multidimensi,PAPUA SELATAN
PAPUA TENGAH,2021,83.43,80.02,63.98,25.26,3.55,75.88,608360.3,27.14,60.64,6.78,11.13,35.48,64984.9,44.05,286279.8,103508.0,887039.0,81.53,56.08,3769.0,1,Kerawanan Tinggi dan Deprivasi Multidimensi,PAPUA TENGAH
PAPUA TENGAH,2022,84.35,81.66,65.93,25.12,3.215,78.99,663610.5,26.7,58.25,7.04,11.16,37.8,49741.91,38.99,193943.5,103508.0,887039.0,81.53,56.08,3769.0,1,Kerawanan Tinggi dan Deprivasi Multidimensi,PAPUA TENGAH
PAPUA TENGAH,2023,83.61,80.91,64.15,26.06,3.08,76.995,702617.5,26.05,58.93,7.17,11.17,42.27,840.18,44.76,3760.45,103508.0,887039.0,81.53,56.08,3769.0,1,Kerawanan Tinggi dan Deprivasi Multidimensi,PAPUA TENGAH
PAPUA TENGAH,2024,74.63,68.42,47.65,17.96,2.62,75.06,834735.8,28.68,59.75,6.12,9.63,43.91,1068.57,43.14,4609.95,103508.0,887039.0,81.53,56.08,3769.0,1,Kerawanan Tinggi dan Deprivasi Multidimensi,PAPUA TENGAH
PAPUA TENGAH,2025,80.13,67.86,44.61,15.48,3.585,76.43,908026.3,29.0,60.64,6.13,9.64,41.61,1068.57,43.14,4609.95,103508.0,874847.0,83.21,67.46,323.0,1,Kerawanan Tinggi dan Deprivasi Multidimensi,PAPUA TENGAH
RIAU,2021,99.65,95.66,77.81,30.38,4.69,65.42,581382.3,7.06,72.94,9.19,13.28,66.84,53062.35,40.98,217458.87,129741.0,672142.73,89.76,98.32,1061.0,2,Ketahanan Tinggi Berbasis Kapasitas Ekonomi,RIAU
RIAU,2022,99.61,95.72,77.32,30.23,4.385,64.92,633771.8,6.81,73.52,9.22,13.29,67.59,51054.04,41.83,213557.2,151259.0,730825.57,90.07,99.13,1512.0,2,Ketahanan Tinggi Berbasis Kapasitas Ekonomi,RIAU
RIAU,2023,99.65,95.89,78.15,32.32,4.24,64.815,665472.5,6.68,74.04,9.32,13.3,68.68,51914.14,39.68,205972.6,154522.0,776145.0,90.47,99.25,1233.0,2,Ketahanan Tinggi Berbasis Kapasitas Ekonomi,RIAU
RIAU,2024,99.67,95.94,78.49,31.34,3.775,66.04,707375.8,7.0,74.79,9.43,13.42,69.64,56421.96,39.36,222055.7,154522.0,824229.0,92.24,99.52,1093.0,2,Ketahanan Tinggi Berbasis Kapasitas Ekonomi,RIAU
RIAU,2025,99.74,95.47,77.42,33.03,4.14,65.615,737899.0,6.23,76.31,9.55,13.44,70.42,56421.96,39.36,222055.7,154522.0,844678.0,92.17,99.71,109.0,2,Ketahanan Tinggi Berbasis Kapasitas Ekonomi,RIAU
SULAWESI BARAT,2021,98.19,90.12,71.22,25.36,3.205,70.99,374774.3,11.57,66.36,7.96,12.86,75.49,59763.18,52.05,311072.46,35195.0,453030.94,78.35,99.14,1081.0,6,Ketahanan Menengah dengan Kapasitas Dasar Relatif Stabil,SULAWESI BARAT
SULAWESI BARAT,2022,98.4,89.39,70.85,25.02,2.725,70.95,416338.8,12.0,66.92,8.08,12.87,74.04,69323.95,50.99,353513.3,37034.0,491876.25,78.98,99.32,982.0,6,Ketahanan Menengah dengan Kapasitas Dasar Relatif Stabil,SULAWESI BARAT
SULAWESI BARAT,2023,98.31,89.47,71.57,25.42,2.655,69.335,434778.0,11.49,67.55,8.13,12.88,73.03,58606.67,49.73,291458.6,39547.0,530104.0,79.86,99.42,829.0,6,Ketahanan Menengah dengan Kapasitas Dasar Relatif Stabil,SULAWESI BARAT
SULAWESI BARAT,2024,98.49,91.24,72.09,25.32,2.85,71.515,459985.8,10.96,68.2,8.15,12.89,65.7,63181.59,50.47,318876.6,39547.0,579734.0,80.14,99.61,653.0,6,Ketahanan Menengah dengan Kapasitas Dasar Relatif Stabil,SULAWESI BARAT
SULAWESI BARAT,2025,98.56,92.3,73.22,23.55,3.015,73.03,491847.8,10.0,71.16,8.31,12.9,67.08,63181.59,50.47,318876.6,39547.0,575436.0,83.0,99.68,713.0,6,Ketahanan Menengah dengan Kapasitas Dasar Relatif Stabil,SULAWESI BARAT
SULAWESI SELATAN,2021,99.29,93.55,71.21,35.8,5.755,65.045,380087.5,9.0,72.24,8.46,13.52,80.82,985158.23,51.67,5090637.23,59503.0,533482.09,91.18,99.41,793.0,3,Ketahanan Tinggi Berbasis Produksi dan Akses,SULAWESI SELATAN
SULAWESI SELATAN,2022,99.43,93.2,70.81,35.79,5.13,66.015,412879.0,9.0,72.82,8.63,13.53,81.38,1038084.0,51.64,5360169.0,65353.0,566223.75,91.96,99.64,1079.0,3,Ketahanan Tinggi Berbasis Produksi dan Akses,SULAWESI SELATAN
SULAWESI SELATAN,2023,99.49,93.22,71.0,37.89,4.795,65.015,437695.5,8.7,73.46,8.76,13.54,83.36,967790.2,50.39,4876386.0,69710.0,597180.0,92.12,99.66,784.0,3,Ketahanan Tinggi Berbasis Produksi dan Akses,SULAWESI SELATAN
SULAWESI SELATAN,2024,99.5,93.41,73.17,37.02,4.545,66.395,465153.5,8.0,74.05,8.86,13.55,72.0,951308.6,50.65,4818429.0,69710.0,636655.0,92.23,99.73,699.0,3,Ketahanan Tinggi Berbasis Produksi dan Akses,SULAWESI SELATAN
SULAWESI SELATAN,2025,99.21,94.22,75.94,33.8,4.585,66.82,497555.8,8.0,75.92,9.0,13.56,74.3,951308.6,50.65,4818429.0,69710.0,664456.0,93.25,99.86,687.0,3,Ketahanan Tinggi Berbasis Produksi dan Akses,SULAWESI SELATAN
SULAWESI TENGAH,2021,98.5,93.32,76.32,30.14,3.74,68.83,503835.5,12.59,69.79,8.89,13.23,75.73,182186.62,47.59,867012.77,82017.0,512309.16,88.51,97.85,1063.0,6,Ketahanan Menengah dengan Kapasitas Dasar Relatif Stabil,SULAWESI TENGAH
SULAWESI TENGAH,2022,98.22,93.02,75.84,29.79,3.335,70.425,545559.5,12.0,70.28,8.89,13.32,75.92,168993.2,44.05,744408.7,106068.0,561738.97,86.74,98.85,1192.0,6,Ketahanan Menengah dengan Kapasitas Dasar Relatif Stabil,SULAWESI TENGAH
SULAWESI TENGAH,2023,98.34,93.13,76.29,30.31,3.22,70.02,571065.5,12.41,70.95,8.96,13.33,75.83,177699.0,46.22,821367.4,112461.0,602468.0,86.85,98.99,1009.0,6,Ketahanan Menengah dengan Kapasitas Dasar Relatif Stabil,SULAWESI TENGAH
SULAWESI TENGAH,2024,98.47,94.12,74.16,30.38,3.045,69.815,607779.8,11.0,71.56,9.04,13.34,66.92,172606.2,44.14,761936.4,112461.0,644418.0,87.86,99.27,1051.0,6,Ketahanan Menengah dengan Kapasitas Dasar Relatif Stabil,SULAWESI TENGAH
SULAWESI TENGAH,2025,98.56,94.58,75.36,26.5,2.97,71.455,647429.3,10.72,72.82,9.1,13.35,70.4,172606.2,44.14,761936.4,112461.0,648896.0,87.55,98.7,1081.0,6,Ketahanan Menengah dengan Kapasitas Dasar Relatif Stabil,SULAWESI TENGAH
SULAWESI TENGGARA,2021,99.16,95.06,75.02,33.64,4.07,70.425,390046.0,11.7,71.66,9.13,13.68,76.64,127517.29,41.57,530029.08,52436.0,509723.28,91.94,99.43,1117.0,6,Ketahanan Menengah dengan Kapasitas Dasar Relatif Stabil,SULAWESI TENGGARA
SULAWESI TENGGARA,2022,99.05,94.8,74.53,33.98,3.61,67.565,422010.0,11.22,72.23,9.25,13.69,75.04,118258.8,40.5,478958.0,58715.0,535048.46,94.64,99.7,1714.0,6,Ketahanan Menengah dengan Kapasitas Dasar Relatif Stabil,SULAWESI TENGGARA
SULAWESI TENGGARA,2023,99.2,95.0,74.6,33.59,3.405,68.81,447674.5,11.43,72.79,9.31,13.7,74.96,113930.3,42.08,479407.3,64088.0,561452.0,94.8,99.78,1049.0,6,Ketahanan Menengah dengan Kapasitas Dasar Relatif Stabil,SULAWESI TENGGARA
SULAWESI TENGGARA,2024,99.06,95.76,75.73,33.37,3.155,71.225,472002.8,10.92,73.48,9.42,13.71,65.7,129999.6,42.76,555836.1,64088.0,604047.0,95.31,99.89,1025.0,6,Ketahanan Menengah dengan Kapasitas Dasar Relatif Stabil,SULAWESI TENGGARA
SULAWESI TENGGARA,2025,99.05,96.53,79.58,33.67,3.29,70.72,510117.3,10.34,74.25,9.56,13.72,67.56,129999.6,42.76,555836.1,64088.0,650919.0,94.91,99.94,955.0,6,Ketahanan Menengah dengan Kapasitas Dasar Relatif Stabil,SULAWESI TENGGARA
SULAWESI UTARA,2021,99.37,95.41,73.86,24.59,7.17,62.715,413917.5,8.0,73.3,9.62,12.94,78.3,59182.52,39.35,232884.76,54034.0,612971.86,91.65,99.76,691.0,5,Ketahanan Tinggi dengan Tekanan Ketenagakerjaan,SULAWESI UTARA
SULAWESI UTARA,2022,99.34,94.86,74.33,24.41,6.56,62.525,440167.0,7.31,73.81,9.68,12.95,74.3,58195.56,41.88,243730.3,59021.0,674114.08,94.15,99.7,622.0,5,Ketahanan Tinggi dengan Tekanan Ketenagakerjaan,SULAWESI UTARA
SULAWESI UTARA,2023,99.34,95.0,74.55,25.88,6.145,63.7,462801.5,7.38,74.36,9.77,12.96,77.32,54562.95,43.65,238193.4,64131.0,670957.0,94.37,99.75,626.0,5,Ketahanan Tinggi dengan Tekanan Ketenagakerjaan,SULAWESI UTARA
SULAWESI UTARA,2024,99.37,96.24,72.48,25.83,5.915,65.025,500045.8,7.0,75.03,9.84,12.97,72.97,59121.96,46.2,273134.9,64131.0,717919.0,94.46,99.87,616.0,5,Ketahanan Tinggi dengan Tekanan Ketenagakerjaan,SULAWESI UTARA
SULAWESI UTARA,2025,99.28,96.11,71.45,25.57,6.01,66.255,541730.0,7.0,76.32,9.91,12.98,72.49,59121.96,46.2,273134.9,64131.0,718423.0,94.86,99.84,563.0,5,Ketahanan Tinggi dengan Tekanan Ketenagakerjaan,SULAWESI UTARA
SUMATERA BARAT,2021,99.61,96.63,84.07,39.4,6.595,68.065,573911.0,6.0,72.65,9.07,14.09,79.55,272391.95,48.36,1317209.38,45218.0,668029.07,83.4,98.86,602.0,4,Ketahanan Tinggi Berbasis Pendidikan dan Produktivitas,SUMATERA BARAT
SUMATERA BARAT,2022,99.55,96.52,83.71,39.39,6.225,68.65,632149.8,5.98,73.26,9.18,14.1,79.45,271883.1,50.52,1373532.0,50264.0,716261.97,85.23,99.52,731.0,4,Ketahanan Tinggi Berbasis Pendidikan dan Produktivitas,SUMATERA BARAT
SUMATERA BARAT,2023,99.76,96.79,84.33,42.19,5.92,69.785,667612.0,5.95,73.75,9.28,14.11,83.22,300564.8,49.32,1482469.0,54334.0,747469.0,85.59,99.53,763.0,4,Ketahanan Tinggi Berbasis Pendidikan dan Produktivitas,SUMATERA BARAT
SUMATERA BARAT,2024,99.71,96.8,84.4,42.75,5.77,70.36,710938.8,6.0,74.49,9.44,14.3,76.0,295279.0,45.94,1356468.0,54334.0,797728.0,86.85,99.39,888.0,4,Ketahanan Tinggi Berbasis Pendidikan dan Produktivitas,SUMATERA BARAT
SUMATERA BARAT,2025,99.63,97.0,85.04,38.84,5.655,71.145,752278.0,5.33,77.27,9.77,14.31,77.72,295279.0,45.94,1356468.0,54334.0,821552.0,87.26,99.47,767.0,4,Ketahanan Tinggi Berbasis Pendidikan dan Produktivitas,SUMATERA BARAT
SUMATERA SELATAN,2021,99.65,94.85,71.53,20.41,5.075,69.36,466297.5,13.0,70.24,8.3,12.54,69.55,496241.65,51.44,2552443.19,57745.0,579031.72,84.7,98.98,682.0,3,Ketahanan Tinggi Berbasis Produksi dan Akses,SUMATERA SELATAN
SUMATERA SELATAN,2022,99.38,95.06,70.93,19.82,4.685,69.32,506350.3,12.0,70.9,8.37,12.55,69.64,513378.2,54.06,2775069.0,68239.0,620732.28,86.35,99.56,737.0,3,Ketahanan Tinggi Berbasis Produksi dan Akses,SUMATERA SELATAN
SUMATERA SELATAN,2023,99.41,95.27,71.71,21.49,4.32,70.225,528395.0,11.78,71.62,8.5,12.63,73.82,504143.0,56.19,2832774.0,71958.0,647779.0,87.19,99.71,653.0,3,Ketahanan Tinggi Berbasis Produksi dan Akses,SUMATERA SELATAN
SUMATERA SELATAN,2024,99.39,95.45,70.8,20.11,3.915,70.285,567128.5,10.74,72.3,8.57,12.64,76.3,521092.2,55.83,2909412.0,71958.0,711510.0,87.23,99.61,597.0,3,Ketahanan Tinggi Berbasis Produksi dan Akses,SUMATERA SELATAN
SUMATERA SELATAN,2025,99.5,95.68,73.78,21.24,3.79,70.22,604594.8,10.0,74.76,8.91,12.65,79.31,521092.2,55.83,2909412.0,71958.0,691256.0,86.82,99.77,594.0,3,Ketahanan Tinggi Berbasis Produksi dan Akses,SUMATERA SELATAN
SUMATERA UTARA,2021,99.32,96.99,78.66,29.34,6.17,69.245,529548.5,8.75,72.0,9.58,13.27,72.25,385405.0,52.0,2004142.51,57442.0,607811.56,90.89,99.16,633.0,4,Ketahanan Tinggi Berbasis Pendidikan dan Produktivitas,SUMATERA UTARA
SUMATERA UTARA,2022,99.5,96.78,78.66,29.06,5.815,69.99,574103.8,8.0,72.71,9.71,13.31,71.22,411462.1,50.76,2088584.0,62922.0,663926.75,92.13,99.49,87.0,4,Ketahanan Tinggi Berbasis Pendidikan dan Produktivitas,SUMATERA UTARA
SUMATERA UTARA,2023,99.51,96.76,79.25,31.08,5.565,70.83,600141.0,8.15,73.37,9.82,13.48,75.97,406109.5,51.4,2087474.0,68306.0,707588.0,92.19,99.52,86.0,4,Ketahanan Tinggi Berbasis Pendidikan dan Produktivitas,SUMATERA UTARA
SUMATERA UTARA,2024,99.5,97.35,78.59,30.22,5.35,70.83,641764.5,7.59,74.02,9.93,13.49,71.45,419463.5,52.56,2204876.0,68306.0,734270.0,92.94,99.73,754.0,4,Ketahanan Tinggi Berbasis Pendidikan dan Produktivitas,SUMATERA UTARA
SUMATERA UTARA,2025,99.54,97.67,77.51,30.48,5.185,71.21,688043.3,7.3,76.47,10.08,13.5,71.47,419463.5,52.56,2204876.0,68306.0,765842.0,93.24,99.72,72.0,4,Ketahanan Tinggi Berbasis Pendidikan dan Produktivitas,SUMATERA UTARA
